"","x","y","var1.pred","var1.var","optional"
"1",0,0,13.8065805435181,9.57789560371542e-33,TRUE
"2",100,0,11.9606409072876,-3.5527136788005e-15,TRUE
"3",200,0,8.74210071563721,-3.5527136788005e-15,TRUE
"4",300,0,14.0479688644409,3.83115824148617e-32,TRUE
"5",400,0,15.7273330688477,7.105427357601e-15,TRUE
"6",500,0,20.8214912414551,-3.5527136788005e-15,TRUE
"7",600,0,21.7961750030518,3.5527136788005e-15,TRUE
"8",700,0,16.3759632110596,3.5527136788005e-15,TRUE
"9",800,0,19.0355777740479,3.5527136788005e-15,TRUE
"10",900,0,17.0096073150635,-3.5527136788005e-15,TRUE
"11",0,100,12.6039943695068,1.53246329659447e-31,TRUE
"12",100,100,12.2663888931274,0,TRUE
"13",200,100,6.39565849304199,4.69316884582056e-31,TRUE
"14",300,100,11.0589017868042,1.53246329659447e-31,TRUE
"15",400,100,23.6992168426514,-3.5527136788005e-15,TRUE
"16",500,100,14.7104921340942,3.83115824148617e-32,TRUE
"17",600,100,18.379243850708,3.44804241733755e-31,TRUE
"18",700,100,15.31605052948,3.83115824148617e-32,TRUE
"19",800,100,6.69496393203735,3.5527136788005e-15,TRUE
"20",900,100,14.3952169418335,8.62010604334388e-32,TRUE
"21",0,200,11.1530780792236,8.62010604334388e-32,TRUE
"22",100,200,21.221887588501,-3.5527136788005e-15,TRUE
"23",200,200,9.8958511352539,1.53246329659447e-31,TRUE
"24",300,200,17.370906829834,1.06581410364015e-14,TRUE
"25",400,200,17.4981269836426,-3.5527136788005e-15,TRUE
"26",500,200,12.6475954055786,3.5527136788005e-15,TRUE
"27",600,200,16.0770359039307,-3.5527136788005e-15,TRUE
"28",700,200,15.0667629241943,7.105427357601e-15,TRUE
"29",800,200,9.17708969116211,-7.105427357601e-15,TRUE
"30",900,200,11.2973756790161,-3.5527136788005e-15,TRUE
"31",0,300,21.2025890350342,-3.5527136788005e-15,TRUE
"32",100,300,18.7129287719727,-3.5527136788005e-15,TRUE
"33",200,300,16.8071136474609,-3.5527136788005e-15,TRUE
"34",300,300,16.5957317352295,7.105427357601e-15,TRUE
"35",400,300,21.0999546051025,8.62010604334388e-32,TRUE
"36",500,300,12.8882703781128,3.5527136788005e-15,TRUE
"37",600,300,12.6296615600586,-3.5527136788005e-15,TRUE
"38",700,300,18.3692264556885,-3.5527136788005e-15,TRUE
"39",800,300,15.5589065551758,3.83115824148617e-32,TRUE
"40",900,300,14.3339366912842,3.5527136788005e-15,TRUE
"41",0,400,12.1285762786865,3.44804241733755e-31,TRUE
"42",100,400,18.6114768981934,-7.105427357601e-15,TRUE
"43",200,400,18.6739845275879,3.83115824148617e-32,TRUE
"44",300,400,20.1115951538086,-1.06581410364015e-14,TRUE
"45",400,400,22.403112411499,-7.105427357601e-15,TRUE
"46",500,400,19.4333610534668,7.105427357601e-15,TRUE
"47",600,400,15.6511812210083,7.105427357601e-15,TRUE
"48",700,400,12.2950668334961,-3.5527136788005e-15,TRUE
"49",800,400,13.3278770446777,-3.5527136788005e-15,TRUE
"50",900,400,17.3535499572754,1.53246329659447e-31,TRUE
"51",0,500,12.402759552002,1.53246329659447e-31,TRUE
"52",100,500,18.042875289917,7.105427357601e-15,TRUE
"53",200,500,19.1565322875977,-3.5527136788005e-15,TRUE
"54",300,500,24.3681507110596,-3.5527136788005e-15,TRUE
"55",400,500,18.9034328460693,3.44804241733755e-31,TRUE
"56",500,500,20.1408081054688,7.105427357601e-15,TRUE
"57",600,500,12.8034133911133,7.105427357601e-15,TRUE
"58",700,500,17.4361629486084,-7.105427357601e-15,TRUE
"59",800,500,16.6383895874023,3.5527136788005e-15,TRUE
"60",900,500,12.7895965576172,9.57789560371542e-33,TRUE
"61",0,600,10.68577003479,7.105427357601e-15,TRUE
"62",100,600,13.3436622619629,7.105427357601e-15,TRUE
"63",200,600,19.0410766601562,3.5527136788005e-15,TRUE
"64",300,600,16.8594913482666,-3.5527136788005e-15,TRUE
"65",400,600,17.6929016113281,-1.06581410364015e-14,TRUE
"66",500,600,20.0267505645752,2.1316282072803e-14,TRUE
"67",600,600,13.611967086792,1.77635683940025e-14,TRUE
"68",700,600,11.5113897323608,1.77635683940025e-14,TRUE
"69",800,600,20.576000213623,-1.06581410364015e-14,TRUE
"70",900,600,15.167688369751,-7.105427357601e-15,TRUE
"71",0,700,7.80487823486328,-3.5527136788005e-15,TRUE
"72",100,700,16.5621700286865,3.83115824148617e-32,TRUE
"73",200,700,16.8998508453369,-3.5527136788005e-15,TRUE
"74",300,700,20.5072631835938,3.83115824148617e-32,TRUE
"75",400,700,20.5778255462646,3.44804241733755e-31,TRUE
"76",500,700,19.8057880401611,3.83115824148617e-32,TRUE
"77",600,700,18.4602737426758,-3.5527136788005e-15,TRUE
"78",700,700,21.7924423217773,-7.105427357601e-15,TRUE
"79",800,700,15.4648332595825,-3.5527136788005e-15,TRUE
"80",900,700,14.8008136749268,3.83115824148617e-32,TRUE
"81",0,800,15.5068655014038,3.5527136788005e-15,TRUE
"82",100,800,16.5653419494629,2.1316282072803e-14,TRUE
"83",200,800,17.9773387908936,3.5527136788005e-15,TRUE
"84",300,800,19.6816253662109,-3.5527136788005e-15,TRUE
"85",400,800,17.3640613555908,3.83115824148617e-32,TRUE
"86",500,800,12.5918884277344,3.83115824148617e-32,TRUE
"87",600,800,11.8379135131836,-3.5527136788005e-15,TRUE
"88",700,800,16.6583194732666,1.06581410364015e-14,TRUE
"89",800,800,20.2723541259766,-3.5527136788005e-15,TRUE
"90",900,800,17.1248054504395,0,TRUE
"91",0,900,17.3033618927002,-7.105427357601e-15,TRUE
"92",100,900,14.960620880127,3.5527136788005e-15,TRUE
"93",200,900,13.1066846847534,3.44804241733755e-31,TRUE
"94",300,900,16.0686378479004,8.62010604334388e-32,TRUE
"95",400,900,16.2463893890381,1.06581410364015e-14,TRUE
"96",500,900,20.9695529937744,-2.48689957516035e-14,TRUE
"97",600,900,16.0804424285889,1.4210854715202e-14,TRUE
"98",700,900,14.5682344436646,-3.5527136788005e-15,TRUE
"99",800,900,16.3363609313965,2.1316282072803e-14,TRUE
"100",900,900,12.2228488922119,1.37921696693502e-30,TRUE
"101",0,1000,17.1950225830078,7.105427357601e-15,TRUE
"102",100,1000,11.9444828033447,1.53246329659447e-31,TRUE
"103",200,1000,16.8221206665039,-1.4210854715202e-14,TRUE
"104",300,1000,16.3491020202637,1.4210854715202e-14,TRUE
"105",400,1000,19.4252605438232,7.105427357601e-15,TRUE
"106",500,1000,16.0084247589111,-7.105427357601e-15,TRUE
"107",600,1000,15.2903213500977,3.5527136788005e-15,TRUE
"108",700,1000,19.92405128479,7.105427357601e-15,TRUE
"109",800,1000,19.5761451721191,7.105427357601e-15,TRUE
"110",900,1000,16.2747383117676,9.57789560371542e-33,TRUE
"111",0,1100,16.2717094421387,-1.4210854715202e-14,TRUE
"112",100,1100,10.7218399047852,-1.77635683940025e-14,TRUE
"113",200,1100,17.3448181152344,7.105427357601e-15,TRUE
"114",300,1100,16.9492454528809,-1.77635683940025e-14,TRUE
"115",400,1100,18.3253688812256,7.105427357601e-15,TRUE
"116",500,1100,20.1018905639648,1.06581410364015e-14,TRUE
"117",600,1100,12.8712167739868,9.57789560371542e-33,TRUE
"118",700,1100,16.2281036376953,1.77635683940025e-14,TRUE
"119",800,1100,14.7033615112305,1.77635683940025e-14,TRUE
"120",900,1100,17.8742561340332,1.06581410364015e-14,TRUE
"121",0,1200,16.1175537109375,1.06581410364015e-14,TRUE
"122",100,1200,16.2239589691162,3.5527136788005e-15,TRUE
"123",200,1200,20.5643157958984,3.5527136788005e-15,TRUE
"124",300,1200,14.7906980514526,-3.5527136788005e-15,TRUE
"125",400,1200,15.8503065109253,7.105427357601e-15,TRUE
"126",500,1200,17.4230003356934,7.105427357601e-15,TRUE
"127",600,1200,12.4329147338867,-1.77635683940025e-14,TRUE
"128",700,1200,14.2937669754028,-1.06581410364015e-14,TRUE
"129",800,1200,12.1375961303711,1.53246329659447e-31,TRUE
"130",900,1200,6.91368627548216,7.105427357601e-15,TRUE
"131",0,1300,16.3011741638184,-7.105427357601e-15,TRUE
"132",100,1300,17.4162197113037,3.5527136788005e-15,TRUE
"133",200,1300,15.5173940658569,3.5527136788005e-15,TRUE
"134",300,1300,11.2332572937012,1.4210854715202e-14,TRUE
"135",400,1300,21.054105758667,7.105427357601e-15,TRUE
"136",500,1300,13.0446300506592,-3.5527136788005e-15,TRUE
"137",600,1300,21.2411403656006,7.105427357601e-15,TRUE
"138",700,1300,16.2531280517578,3.5527136788005e-15,TRUE
"139",800,1300,7.30718231201175,-3.5527136788005e-15,TRUE
"140",900,1300,12.998363494873,3.5527136788005e-15,TRUE
"141",0,1400,14.2478551864624,1.4210854715202e-14,TRUE
"142",100,1400,13.9129047393799,1.06581410364015e-14,TRUE
"143",200,1400,11.4885444641113,3.5527136788005e-15,TRUE
"144",300,1400,18.2288990020752,1.4210854715202e-14,TRUE
"145",400,1400,19.6748714447021,1.06581410364015e-14,TRUE
"146",500,1400,11.2635335922241,1.4210854715202e-14,TRUE
"147",600,1400,10.9390830993652,3.5527136788005e-15,TRUE
"148",700,1400,18.4054794311523,-2.1316282072803e-14,TRUE
"149",800,1400,8.92380809783938,3.5527136788005e-15,TRUE
"150",900,1400,11.8534984588623,-7.105427357601e-15,TRUE
"151",0,1500,14.4877986907959,1.53246329659447e-31,TRUE
"152",100,1500,15.2477979660034,6.12985318637787e-31,TRUE
"153",200,1500,17.7795238494873,-1.06581410364015e-14,TRUE
"154",300,1500,16.7725658416748,-1.06581410364015e-14,TRUE
"155",400,1500,13.7567987442017,-2.1316282072803e-14,TRUE
"156",500,1500,12.3722867965698,-3.5527136788005e-15,TRUE
"157",600,1500,19.1964874267578,2.45194127455115e-30,TRUE
"158",700,1500,18.1545715332031,1.4210854715202e-14,TRUE
"159",800,1500,18.7002544403076,-1.06581410364015e-14,TRUE
"160",900,1500,11.5366353988647,-1.77635683940025e-14,TRUE
"161",0,1600,12.3483810424805,3.5527136788005e-15,TRUE
"162",100,1600,14.3803081512451,-1.06581410364015e-14,TRUE
"163",200,1600,10.3573179244995,-3.5527136788005e-15,TRUE
"164",300,1600,10.0011548995972,1.06581410364015e-14,TRUE
"165",400,1600,17.4627418518066,7.105427357601e-15,TRUE
"166",500,1600,14.930118560791,1.4210854715202e-14,TRUE
"167",600,1600,14.51416015625,7.105427357601e-15,TRUE
"168",700,1600,23.9130859375,-7.105427357601e-15,TRUE
"169",800,1600,17.0201988220215,1.77635683940025e-14,TRUE
"170",900,1600,17.3426303863525,-3.5527136788005e-15,TRUE
"171",0,1700,14.725980758667,-7.105427357601e-15,TRUE
"172",100,1700,9.97589397430421,0,TRUE
"173",200,1700,12.5190763473511,3.5527136788005e-15,TRUE
"174",300,1700,13.7256011962891,3.5527136788005e-15,TRUE
"175",400,1700,9.93739986419675,7.105427357601e-15,TRUE
"176",500,1700,11.7114849090576,-7.105427357601e-15,TRUE
"177",600,1700,13.8686561584473,7.105427357601e-15,TRUE
"178",700,1700,11.66930103302,-1.4210854715202e-14,TRUE
"179",800,1700,14.0340299606323,7.105427357601e-15,TRUE
"180",900,1700,9.61024570465088,-3.5527136788005e-15,TRUE
"181",0,1800,17.5438785552979,7.105427357601e-15,TRUE
"182",100,1800,10.9603271484375,3.5527136788005e-15,TRUE
"183",200,1800,16.9590740203857,7.105427357601e-15,TRUE
"184",300,1800,10.5620765686035,-3.5527136788005e-15,TRUE
"185",400,1800,13.6349992752075,3.5527136788005e-15,TRUE
"186",500,1800,15.2993011474609,1.4210854715202e-14,TRUE
"187",600,1800,12.5079936981201,0,TRUE
"188",700,1800,8.63907623291014,-7.105427357601e-15,TRUE
"189",800,1800,11.6385765075684,1.06581410364015e-14,TRUE
"190",900,1800,12.4176769256592,-1.77635683940025e-14,TRUE
"191",0,1900,18.0929012298584,1.06581410364015e-14,TRUE
"192",100,1900,12.1691741943359,3.5527136788005e-15,TRUE
"193",200,1900,12.5987825393677,1.4210854715202e-14,TRUE
"194",300,1900,12.9333114624023,3.83115824148617e-32,TRUE
"195",400,1900,14.6243515014648,2.48689957516035e-14,TRUE
"196",500,1900,16.1362190246582,3.83115824148617e-32,TRUE
"197",600,1900,11.7278804779053,-1.4210854715202e-14,TRUE
"198",700,1900,11.1809597015381,7.105427357601e-15,TRUE
"199",800,1900,10.3706684112549,-2.1316282072803e-14,TRUE
"200",900,1900,12.7112083435059,-1.4210854715202e-14,TRUE
"201",0,2000,21.3623313903809,-7.105427357601e-15,TRUE
"202",100,2000,18.0163803100586,1.37921696693502e-30,TRUE
"203",200,2000,16.6383934020996,3.5527136788005e-15,TRUE
"204",300,2000,12.8520021438599,3.5527136788005e-15,TRUE
"205",400,2000,11.8938980102539,3.5527136788005e-15,TRUE
"206",500,2000,16.0908031463623,1.06581410364015e-14,TRUE
"207",600,2000,14.592432975769,9.57789560371542e-33,TRUE
"208",700,2000,10.6701736450195,-2.1316282072803e-14,TRUE
"209",800,2000,11.4786424636841,1.4210854715202e-14,TRUE
"210",900,2000,7.03804922103882,7.105427357601e-15,TRUE
"211",0,2100,18.7172222137451,-7.105427357601e-15,TRUE
"212",100,2100,12.9746761322021,-7.105427357601e-15,TRUE
"213",200,2100,18.3203716278076,-1.4210854715202e-14,TRUE
"214",300,2100,17.1498584747314,-1.06581410364015e-14,TRUE
"215",400,2100,13.9738216400146,9.57789560371542e-31,TRUE
"216",500,2100,8.60577487945556,1.53246329659447e-31,TRUE
"217",600,2100,13.2025289535522,3.5527136788005e-15,TRUE
"218",700,2100,13.6571044921875,1.4210854715202e-14,TRUE
"219",800,2100,5.19826698303221,-1.4210854715202e-14,TRUE
"220",900,2100,10.9277248382568,1.77635683940025e-14,TRUE
"221",0,2200,19.0063343048096,3.5527136788005e-15,TRUE
"222",100,2200,14.3370580673218,-3.5527136788005e-15,TRUE
"223",200,2200,12.0179996490479,1.4210854715202e-14,TRUE
"224",300,2200,13.0461578369141,1.77635683940025e-14,TRUE
"225",400,2200,13.5722913742065,7.105427357601e-15,TRUE
"226",500,2200,12.1596212387085,1.06581410364015e-14,TRUE
"227",600,2200,14.7785549163818,-3.5527136788005e-15,TRUE
"228",700,2200,15.2967548370361,1.4210854715202e-14,TRUE
"229",800,2200,13.9970893859863,-7.105427357601e-15,TRUE
"230",900,2200,9.52555465698241,1.53246329659447e-31,TRUE
"231",0,2300,11.4632301330566,2.48689957516035e-14,TRUE
"232",100,2300,18.5414543151855,3.5527136788005e-15,TRUE
"233",200,2300,18.5769824981689,2.48689957516035e-14,TRUE
"234",300,2300,10.8773422241211,7.105427357601e-15,TRUE
"235",400,2300,9.89109039306641,3.5527136788005e-15,TRUE
"236",500,2300,17.0363788604736,3.5527136788005e-15,TRUE
"237",600,2300,13.2720537185669,3.5527136788005e-15,TRUE
"238",700,2300,12.3917207717896,-7.105427357601e-15,TRUE
"239",800,2300,8.49651813507078,-3.5527136788005e-15,TRUE
"240",900,2300,12.4587297439575,7.105427357601e-15,TRUE
"241",0,2400,17.8986148834229,3.44804241733755e-31,TRUE
"242",100,2400,21.3772583007812,-2.8421709430404e-14,TRUE
"243",200,2400,14.3463134765625,3.5527136788005e-15,TRUE
"244",300,2400,14.6694946289062,1.77635683940025e-14,TRUE
"245",400,2400,6.73073577880859,-7.105427357601e-15,TRUE
"246",500,2400,12.5887546539307,3.5527136788005e-15,TRUE
"247",600,2400,13.321141242981,7.105427357601e-15,TRUE
"248",700,2400,17.2311687469482,-3.5527136788005e-15,TRUE
"249",800,2400,5.67121267318728,1.4210854715202e-14,TRUE
"250",900,2400,13.05286693573,-2.1316282072803e-14,TRUE
"251",0,2500,11.5741357803345,-3.5527136788005e-15,TRUE
"252",100,2500,18.7779483795166,0,TRUE
"253",200,2500,17.3785247802734,3.83115824148617e-32,TRUE
"254",300,2500,12.9809665679932,-1.77635683940025e-14,TRUE
"255",400,2500,13.4591274261475,-3.5527136788005e-15,TRUE
"256",500,2500,14.9583415985107,3.44804241733755e-31,TRUE
"257",600,2500,14.3535814285278,2.48689957516035e-14,TRUE
"258",700,2500,17.0496807098389,-7.105427357601e-15,TRUE
"259",800,2500,19.5355453491211,-7.105427357601e-15,TRUE
"260",900,2500,19.4662132263184,-7.105427357601e-15,TRUE
"261",0,2600,9.60545539855958,3.83115824148617e-32,TRUE
"262",100,2600,12.9703311920166,-1.06581410364015e-14,TRUE
"263",200,2600,12.4888639450073,-1.06581410364015e-14,TRUE
"264",300,2600,12.9586248397827,-7.105427357601e-15,TRUE
"265",400,2600,12.8825712203979,-1.06581410364015e-14,TRUE
"266",500,2600,9.82857704162598,-1.06581410364015e-14,TRUE
"267",600,2600,13.8161058425903,-7.105427357601e-15,TRUE
"268",700,2600,12.1151762008667,7.105427357601e-15,TRUE
"269",800,2600,18.3602962493896,7.105427357601e-15,TRUE
"270",900,2600,18.4571552276611,6.12985318637787e-31,TRUE
"271",0,2700,18.7221870422363,3.5527136788005e-15,TRUE
"272",100,2700,10.2883329391479,3.5527136788005e-15,TRUE
"273",200,2700,10.9824838638306,-1.06581410364015e-14,TRUE
"274",300,2700,11.9451742172241,-3.5527136788005e-15,TRUE
"275",400,2700,14.7471036911011,1.77635683940025e-14,TRUE
"276",500,2700,14.4585399627686,-3.5527136788005e-15,TRUE
"277",600,2700,10.2886962890625,-7.105427357601e-15,TRUE
"278",700,2700,11.5720291137695,-7.105427357601e-15,TRUE
"279",800,2700,12.4574766159058,7.105427357601e-15,TRUE
"280",900,2700,16.9675254821777,8.62010604334388e-32,TRUE
"281",0,2800,20.2136211395264,7.105427357601e-15,TRUE
"282",100,2800,17.8127822875977,1.53246329659447e-31,TRUE
"283",200,2800,17.6822128295898,3.83115824148617e-32,TRUE
"284",300,2800,10.4377479553223,-2.1316282072803e-14,TRUE
"285",400,2800,8.63735580444336,1.77635683940025e-14,TRUE
"286",500,2800,10.9310684204102,-2.1316282072803e-14,TRUE
"287",600,2800,10.6728744506836,1.06581410364015e-14,TRUE
"288",700,2800,15.0224533081055,1.06581410364015e-14,TRUE
"289",800,2800,17.7605571746826,7.105427357601e-15,TRUE
"290",900,2800,12.4092454910278,1.4210854715202e-14,TRUE
"291",0,2900,18.4782447814941,-3.5527136788005e-15,TRUE
"292",100,2900,21.1641120910645,3.5527136788005e-15,TRUE
"293",200,2900,21.054744720459,3.5527136788005e-15,TRUE
"294",300,2900,19.5079402923584,3.44804241733755e-31,TRUE
"295",400,2900,10.7655792236328,1.06581410364015e-14,TRUE
"296",500,2900,13.2861337661743,3.5527136788005e-15,TRUE
"297",600,2900,17.659330368042,3.5527136788005e-15,TRUE
"298",700,2900,14.5689067840576,1.4210854715202e-14,TRUE
"299",800,2900,15.5237150192261,7.105427357601e-15,TRUE
"300",900,2900,14.0487995147705,3.83115824148617e-32,TRUE
"301",0,3000,13.7345733642578,-7.105427357601e-15,TRUE
"302",100,3000,14.9422664642334,0,TRUE
"303",200,3000,22.4408073425293,3.5527136788005e-15,TRUE
"304",300,3000,21.21311378479,3.83115824148617e-32,TRUE
"305",400,3000,12.4494495391846,-1.4210854715202e-14,TRUE
"306",500,3000,10.3844947814941,3.5527136788005e-15,TRUE
"307",600,3000,17.0206985473633,3.5527136788005e-15,TRUE
"308",700,3000,18.204216003418,1.4210854715202e-14,TRUE
"309",800,3000,11.979471206665,-3.5527136788005e-15,TRUE
"310",900,3000,17.1228008270264,1.77635683940025e-14,TRUE
"311",1000,0,6.84047889709472,-7.105427357601e-15,TRUE
"312",1100,0,4.43669605255126,-2.1316282072803e-14,TRUE
"313",1200,0,2.65363359451295,7.105427357601e-15,TRUE
"314",1300,0,9.44429588317869,-7.105427357601e-15,TRUE
"315",1400,0,10.0969820022583,2.8421709430404e-14,TRUE
"316",1500,0,4.00889968872069,-3.5527136788005e-15,TRUE
"317",1600,0,10.855938911438,1.06581410364015e-14,TRUE
"318",1700,0,3.99814200401306,3.5527136788005e-15,TRUE
"319",1800,0,5.443754196167,7.105427357601e-15,TRUE
"320",1900,0,6.88221883773802,2.48689957516035e-14,TRUE
"321",2000,0,5.57106876373293,7.105427357601e-15,TRUE
"322",2100,0,7.56205081939699,-1.06581410364015e-14,TRUE
"323",2200,0,6.4817681312561,3.5527136788005e-15,TRUE
"324",2300,0,8.89448738098145,6.12985318637787e-31,TRUE
"325",2400,0,8.34465408325195,-7.105427357601e-15,TRUE
"326",2500,0,9.10287475585938,3.83115824148617e-32,TRUE
"327",2600,0,6.05848360061646,3.5527136788005e-15,TRUE
"328",2700,0,8.40537643432616,1.06581410364015e-14,TRUE
"329",2800,0,7.74343061447144,-7.105427357601e-15,TRUE
"330",2900,0,9.22153759002686,7.105427357601e-15,TRUE
"331",3000,0,8.25490283966064,3.5527136788005e-15,TRUE
"332",1000,100,5.14996051788329,-2.8421709430404e-14,TRUE
"333",1100,100,9.42906856536867,2.1316282072803e-14,TRUE
"334",1200,100,4.7666220664978,7.105427357601e-15,TRUE
"335",1300,100,5.52261877059937,7.105427357601e-15,TRUE
"336",1400,100,5.62157535552979,-1.77635683940025e-14,TRUE
"337",1500,100,3.72299504280093,-3.5527136788005e-15,TRUE
"338",1600,100,3.59800338745119,7.105427357601e-15,TRUE
"339",1700,100,6.18510055541991,-1.77635683940025e-14,TRUE
"340",1800,100,7.33037424087524,2.48689957516035e-14,TRUE
"341",1900,100,8.89366817474364,-7.105427357601e-15,TRUE
"342",2000,100,7.73949432373047,3.5527136788005e-14,TRUE
"343",2100,100,6.54633951187135,-1.4210854715202e-14,TRUE
"344",2200,100,10.1047334671021,3.44804241733755e-31,TRUE
"345",2300,100,11.81809425354,7.105427357601e-15,TRUE
"346",2400,100,11.86829662323,-7.105427357601e-15,TRUE
"347",2500,100,11.3969192504883,7.105427357601e-15,TRUE
"348",2600,100,7.25584936141968,1.77635683940025e-14,TRUE
"349",2700,100,6.62738227844238,-3.5527136788005e-15,TRUE
"350",2800,100,7.34387016296387,-3.5527136788005e-15,TRUE
"351",2900,100,6.90937328338623,7.105427357601e-15,TRUE
"352",3000,100,8.68564701080322,1.53246329659447e-31,TRUE
"353",1000,200,4.34982347488403,1.4210854715202e-14,TRUE
"354",1100,200,5.81753730773924,-7.105427357601e-15,TRUE
"355",1200,200,6.71672105789186,-3.5527136788005e-15,TRUE
"356",1300,200,5.17395687103273,-1.4210854715202e-14,TRUE
"357",1400,200,6.26589250564572,-3.5527136788005e-15,TRUE
"358",1500,200,5.35798263549803,-7.105427357601e-15,TRUE
"359",1600,200,4.02964782714845,-3.5527136788005e-15,TRUE
"360",1700,200,5.82782173156737,7.105427357601e-15,TRUE
"361",1800,200,8.48035621643065,3.90798504668055e-14,TRUE
"362",1900,200,6.76862430572511,7.105427357601e-15,TRUE
"363",2000,200,7.05783224105835,7.105427357601e-15,TRUE
"364",2100,200,11.1383657455444,-1.4210854715202e-14,TRUE
"365",2200,200,12.5768241882324,-1.06581410364015e-14,TRUE
"366",2300,200,10.8619594573975,7.105427357601e-15,TRUE
"367",2400,200,10.9711656570435,3.83115824148617e-32,TRUE
"368",2500,200,6.99979448318482,3.5527136788005e-15,TRUE
"369",2600,200,4.17660331726075,0,TRUE
"370",2700,200,2.32548999786376,1.06581410364015e-14,TRUE
"371",2800,200,5.38266897201539,1.53246329659447e-31,TRUE
"372",2900,200,6.87148046493531,7.105427357601e-15,TRUE
"373",3000,200,4.83520412445068,3.5527136788005e-15,TRUE
"374",1000,300,7.50993442535403,7.105427357601e-15,TRUE
"375",1100,300,12.3474054336548,3.5527136788005e-14,TRUE
"376",1200,300,6.82548427581787,-1.4210854715202e-14,TRUE
"377",1300,300,6.486008644104,3.44804241733755e-31,TRUE
"378",1400,300,6.12981939315793,1.06581410364015e-14,TRUE
"379",1500,300,3.64861845970155,8.62010604334388e-32,TRUE
"380",1600,300,6.16246652603148,-7.105427357601e-15,TRUE
"381",1700,300,8.30584907531737,-1.4210854715202e-14,TRUE
"382",1800,300,10.2872791290283,1.77635683940025e-14,TRUE
"383",1900,300,4.32148885726931,2.48689957516035e-14,TRUE
"384",2000,300,6.96414327621461,-2.1316282072803e-14,TRUE
"385",2100,300,8.04395484924317,3.5527136788005e-15,TRUE
"386",2200,300,8.54184055328368,7.105427357601e-15,TRUE
"387",2300,300,16.0911979675293,-3.5527136788005e-15,TRUE
"388",2400,300,10.7784519195557,1.06581410364015e-14,TRUE
"389",2500,300,8.48501491546631,1.77635683940025e-14,TRUE
"390",2600,300,5.30044984817504,-1.06581410364015e-14,TRUE
"391",2700,300,9.97552204132082,3.5527136788005e-15,TRUE
"392",2800,300,5.04593992233276,7.105427357601e-15,TRUE
"393",2900,300,7.70951461791992,7.105427357601e-15,TRUE
"394",3000,300,11.4499616622925,-1.4210854715202e-14,TRUE
"395",1000,400,5.97177267074583,-1.4210854715202e-14,TRUE
"396",1100,400,4.70436477661131,-2.48689957516035e-14,TRUE
"397",1200,400,5.22635889053347,-1.06581410364015e-14,TRUE
"398",1300,400,1.90343534946439,-1.06581410364015e-14,TRUE
"399",1400,400,5.62795972824095,-1.06581410364015e-14,TRUE
"400",1500,400,3.43818306922913,-1.4210854715202e-14,TRUE
"401",1600,400,7.31327390670774,-1.77635683940025e-14,TRUE
"402",1700,400,8.67696762084961,-7.105427357601e-15,TRUE
"403",1800,400,8.0958366394043,7.105427357601e-15,TRUE
"404",1900,400,8.37236976623537,2.48689957516035e-14,TRUE
"405",2000,400,7.28704404830933,1.77635683940025e-14,TRUE
"406",2100,400,9.43509006500244,1.06581410364015e-14,TRUE
"407",2200,400,11.2687473297119,-3.5527136788005e-15,TRUE
"408",2300,400,14.9982261657715,-3.5527136788005e-15,TRUE
"409",2400,400,13.0349178314209,-1.06581410364015e-14,TRUE
"410",2500,400,10.041051864624,3.44804241733755e-31,TRUE
"411",2600,400,7.29893350601197,-3.5527136788005e-15,TRUE
"412",2700,400,10.6858711242676,1.53246329659447e-31,TRUE
"413",2800,400,6.08084678649901,-3.5527136788005e-15,TRUE
"414",2900,400,10.7676668167114,-3.5527136788005e-15,TRUE
"415",3000,400,7.4402952194214,3.83115824148617e-32,TRUE
"416",1000,500,6.46585941314695,3.5527136788005e-15,TRUE
"417",1100,500,5.30760097503663,1.06581410364015e-14,TRUE
"418",1200,500,2.2397894859314,-2.48689957516035e-14,TRUE
"419",1300,500,5.46268558502196,-3.5527136788005e-14,TRUE
"420",1400,500,4.74210166931151,-3.5527136788005e-15,TRUE
"421",1500,500,3.48118782043459,2.48689957516035e-14,TRUE
"422",1600,500,8.06344223022458,3.5527136788005e-15,TRUE
"423",1700,500,9.23244571685789,1.77635683940025e-14,TRUE
"424",1800,500,9.36406517028812,-1.4210854715202e-14,TRUE
"425",1900,500,7.53967332839966,-1.4210854715202e-14,TRUE
"426",2000,500,8.17672920227049,2.1316282072803e-14,TRUE
"427",2100,500,10.751974105835,7.10542735760101e-15,TRUE
"428",2200,500,13.3568906784058,-1.77635683940025e-14,TRUE
"429",2300,500,11.6676378250122,-1.06581410364015e-14,TRUE
"430",2400,500,9.46113967895509,1.4210854715202e-14,TRUE
"431",2500,500,10.9067678451538,7.105427357601e-15,TRUE
"432",2600,500,9.07180786132812,-1.06581410364015e-14,TRUE
"433",2700,500,11.4910888671875,7.105427357601e-15,TRUE
"434",2800,500,12.5641603469849,7.105427357601e-15,TRUE
"435",2900,500,10.2582759857178,2.48689957516035e-14,TRUE
"436",3000,500,5.83822393417357,-1.06581410364015e-14,TRUE
"437",1000,600,7.86309576034543,1.77635683940025e-14,TRUE
"438",1100,600,9.58915424346929,-1.06581410364015e-14,TRUE
"439",1200,600,8.1123399734497,-1.4210854715202e-14,TRUE
"440",1300,600,9.49463272094727,1.06581410364015e-14,TRUE
"441",1400,600,7.8223342895508,-7.105427357601e-15,TRUE
"442",1500,600,7.61217308044435,3.5527136788005e-15,TRUE
"443",1600,600,6.1597533226013,7.105427357601e-15,TRUE
"444",1700,600,8.66408157348637,-3.5527136788005e-15,TRUE
"445",1800,600,9.61539936065672,-3.90798504668055e-14,TRUE
"446",1900,600,8.94894790649413,2.8421709430404e-14,TRUE
"447",2000,600,3.73626542091371,3.83115824148617e-32,TRUE
"448",2100,600,9.70812988281254,-7.105427357601e-15,TRUE
"449",2200,600,11.1573963165283,3.5527136788005e-15,TRUE
"450",2300,600,11.1686687469482,7.105427357601e-15,TRUE
"451",2400,600,11.7913990020752,-7.105427357601e-15,TRUE
"452",2500,600,13.6102952957153,-2.1316282072803e-14,TRUE
"453",2600,600,7.65277433395386,3.83115824148617e-32,TRUE
"454",2700,600,11.0806617736816,-7.105427357601e-15,TRUE
"455",2800,600,10.3330535888672,1.4210854715202e-14,TRUE
"456",2900,600,9.04439640045166,1.06581410364015e-14,TRUE
"457",3000,600,10.2693357467651,1.4210854715202e-14,TRUE
"458",1000,700,10.5870504379272,-2.8421709430404e-14,TRUE
"459",1100,700,10.6940975189209,3.5527136788005e-15,TRUE
"460",1200,700,8.48377990722654,-3.5527136788005e-15,TRUE
"461",1300,700,6.20167446136473,-7.105427357601e-15,TRUE
"462",1400,700,4.79238796234131,1.4210854715202e-14,TRUE
"463",1500,700,7.20400190353391,1.06581410364015e-14,TRUE
"464",1600,700,8.34687328338623,-2.8421709430404e-14,TRUE
"465",1700,700,8.88194084167478,7.105427357601e-15,TRUE
"466",1800,700,7.73405981063841,-7.105427357601e-15,TRUE
"467",1900,700,5.38704824447628,3.5527136788005e-15,TRUE
"468",2000,700,2.94068908691408,7.105427357601e-15,TRUE
"469",2100,700,6.59186601638794,1.77635683940025e-14,TRUE
"470",2200,700,8.01791286468506,-7.105427357601e-15,TRUE
"471",2300,700,10.9997787475586,1.06581410364015e-14,TRUE
"472",2400,700,15.4888076782227,6.12985318637787e-31,TRUE
"473",2500,700,13.9044256210327,1.4210854715202e-14,TRUE
"474",2600,700,9.65627479553223,2.8421709430404e-14,TRUE
"475",2700,700,13.4823770523071,-1.06581410364015e-14,TRUE
"476",2800,700,13.2613916397095,9.57789560371542e-31,TRUE
"477",2900,700,10.001856803894,-7.105427357601e-15,TRUE
"478",3000,700,11.6068124771118,1.77635683940025e-14,TRUE
"479",1000,800,10.5238618850708,3.83115824148617e-32,TRUE
"480",1100,800,12.1718091964722,2.48689957516035e-14,TRUE
"481",1200,800,6.67874145507811,1.4210854715202e-14,TRUE
"482",1300,800,10.0746297836304,1.06581410364015e-14,TRUE
"483",1400,800,8.38168430328368,-3.90798504668055e-14,TRUE
"484",1500,800,7.73778390884399,7.105427357601e-15,TRUE
"485",1600,800,7.48850631713866,-1.4210854715202e-14,TRUE
"486",1700,800,6.49282884597779,3.5527136788005e-15,TRUE
"487",1800,800,3.88676643371585,-2.1316282072803e-14,TRUE
"488",1900,800,0.76597428321838,-3.19744231092045e-14,TRUE
"489",2000,800,1.54132938385013,2.1316282072803e-14,TRUE
"490",2100,800,4.65479421615603,9.57789560371542e-31,TRUE
"491",2200,800,4.46862697601317,1.4210854715202e-14,TRUE
"492",2300,800,11.7242994308472,3.83115824148617e-32,TRUE
"493",2400,800,11.9975137710571,-3.5527136788005e-15,TRUE
"494",2500,800,9.74658775329589,-1.06581410364015e-14,TRUE
"495",2600,800,9.35891723632814,-7.105427357601e-15,TRUE
"496",2700,800,9.63801574707031,-7.105427357601e-15,TRUE
"497",2800,800,11.3797655105591,2.1316282072803e-14,TRUE
"498",2900,800,14.5418901443481,-1.06581410364015e-14,TRUE
"499",3000,800,12.950963973999,-2.8421709430404e-14,TRUE
"500",1000,900,10.7213459014893,1.4210854715202e-14,TRUE
"501",1100,900,8.71007442474367,7.105427357601e-15,TRUE
"502",1200,900,11.6540775299072,-4.2632564145606e-14,TRUE
"503",1300,900,9.15143871307372,3.5527136788005e-15,TRUE
"504",1400,900,8.79777240753173,3.5527136788005e-15,TRUE
"505",1500,900,6.57152128219604,-3.5527136788005e-15,TRUE
"506",1600,900,8.07912921905518,3.83115824148617e-32,TRUE
"507",1700,900,5.55835342407227,-2.8421709430404e-14,TRUE
"508",1800,900,2.89793896675112,-1.06581410364015e-14,TRUE
"509",1900,900,6.23918819427486,3.19744231092045e-14,TRUE
"510",2000,900,4.58996391296389,3.90798504668055e-14,TRUE
"511",2100,900,3.20534539222716,7.105427357601e-15,TRUE
"512",2200,900,4.40663766860961,1.06581410364015e-14,TRUE
"513",2300,900,10.2561960220337,-2.1316282072803e-14,TRUE
"514",2400,900,10.0586595535278,-1.06581410364015e-14,TRUE
"515",2500,900,10.7089242935181,-1.06581410364015e-14,TRUE
"516",2600,900,8.62966632843019,1.77635683940025e-14,TRUE
"517",2700,900,9.67472839355469,-7.105427357601e-15,TRUE
"518",2800,900,11.6498613357544,7.105427357601e-15,TRUE
"519",2900,900,12.9586048126221,1.53246329659447e-31,TRUE
"520",3000,900,10.7804527282715,-3.5527136788005e-15,TRUE
"521",1000,1000,9.30373573303221,-2.48689957516035e-14,TRUE
"522",1100,1000,8.20520114898683,2.8421709430404e-14,TRUE
"523",1200,1000,4.46110963821407,-7.105427357601e-15,TRUE
"524",1300,1000,10.7153949737549,1.4210854715202e-14,TRUE
"525",1400,1000,7.20972537994385,-7.105427357601e-15,TRUE
"526",1500,1000,5.46367645263673,1.53246329659447e-31,TRUE
"527",1600,1000,6.14229393005368,8.62010604334388e-32,TRUE
"528",1700,1000,10.0066394805908,1.4210854715202e-14,TRUE
"529",1800,1000,8.14158821105957,-4.2632564145606e-14,TRUE
"530",1900,1000,6.16495466232303,-1.06581410364015e-14,TRUE
"531",2000,1000,3.67294931411748,7.105427357601e-15,TRUE
"532",2100,1000,9.79547500610354,-1.06581410364015e-14,TRUE
"533",2200,1000,4.56526470184326,1.06581410364015e-14,TRUE
"534",2300,1000,8.57659626007081,3.5527136788005e-15,TRUE
"535",2400,1000,9.03822803497314,-3.5527136788005e-15,TRUE
"536",2500,1000,8.53942966461182,-1.4210854715202e-14,TRUE
"537",2600,1000,8.69968986511231,-1.06581410364015e-14,TRUE
"538",2700,1000,11.6686115264893,-3.5527136788005e-15,TRUE
"539",2800,1000,8.46690273284914,1.77635683940025e-14,TRUE
"540",2900,1000,10.38929271698,7.105427357601e-15,TRUE
"541",3000,1000,8.37337684631346,-7.105427357601e-15,TRUE
"542",1000,1100,9.57829666137697,-7.105427357601e-15,TRUE
"543",1100,1100,11.8649806976318,8.62010604334388e-32,TRUE
"544",1200,1100,7.48795890808104,1.77635683940025e-14,TRUE
"545",1300,1100,8.84583473205567,2.15502651083597e-30,TRUE
"546",1400,1100,4.46067237854003,2.1316282072803e-14,TRUE
"547",1500,1100,5.77269029617309,1.4210854715202e-14,TRUE
"548",1600,1100,9.55237102508546,3.5527136788005e-15,TRUE
"549",1700,1100,4.11841249465942,-1.4210854715202e-14,TRUE
"550",1800,1100,5.57265853881834,2.48689957516035e-14,TRUE
"551",1900,1100,6.92319440841679,3.5527136788005e-15,TRUE
"552",2000,1100,5.15512514114381,7.10542735760101e-15,TRUE
"553",2100,1100,4.58783340454103,1.77635683940025e-14,TRUE
"554",2200,1100,5.11571550369264,-2.8421709430404e-14,TRUE
"555",2300,1100,9.49954891204831,1.4210854715202e-14,TRUE
"556",2400,1100,8.08074188232422,-7.105427357601e-15,TRUE
"557",2500,1100,9.79829025268554,-1.77635683940025e-14,TRUE
"558",2600,1100,7.09783172607419,-3.19744231092045e-14,TRUE
"559",2700,1100,7.19843196868899,1.06581410364015e-14,TRUE
"560",2800,1100,7.63102054595947,-2.48689957516035e-14,TRUE
"561",2900,1100,7.13425111770628,-2.48689957516035e-14,TRUE
"562",3000,1100,9.62298870086671,4.69316884582056e-31,TRUE
"563",1000,1200,7.6680164337158,-3.5527136788005e-15,TRUE
"564",1100,1200,8.91508769989019,-7.105427357601e-15,TRUE
"565",1200,1200,8.62449359893803,-7.105427357601e-15,TRUE
"566",1300,1200,6.67198657989503,1.06581410364015e-14,TRUE
"567",1400,1200,9.2914743423462,-7.105427357601e-15,TRUE
"568",1500,1200,6.97446250915528,-1.4210854715202e-14,TRUE
"569",1600,1200,7.01641130447387,1.06581410364015e-14,TRUE
"570",1700,1200,12.0535821914673,-2.1316282072803e-14,TRUE
"571",1800,1200,10.6326608657837,1.37921696693502e-30,TRUE
"572",1900,1200,6.6826605796814,7.105427357601e-15,TRUE
"573",2000,1200,6.85037946701049,1.06581410364015e-14,TRUE
"574",2100,1200,8.41475582122803,2.8421709430404e-14,TRUE
"575",2200,1200,12.3957443237305,7.105427357601e-15,TRUE
"576",2300,1200,11.1772127151489,0,TRUE
"577",2400,1200,11.3587474822998,-1.77635683940025e-14,TRUE
"578",2500,1200,6.98500156402586,1.06581410364015e-14,TRUE
"579",2600,1200,8.65470790863035,-7.105427357601e-15,TRUE
"580",2700,1200,7.69767189025882,1.4210854715202e-14,TRUE
"581",2800,1200,8.99432945251468,-1.06581410364015e-14,TRUE
"582",2900,1200,2.96652126312258,2.1316282072803e-14,TRUE
"583",3000,1200,9.66502952575682,1.77635683940025e-14,TRUE
"584",1000,1300,8.82771778106687,-1.4210854715202e-14,TRUE
"585",1100,1300,9.15074157714845,7.105427357601e-15,TRUE
"586",1200,1300,8.95767402648929,3.5527136788005e-15,TRUE
"587",1300,1300,9.17864608764648,-7.105427357601e-15,TRUE
"588",1400,1300,4.55754375457766,1.06581410364015e-14,TRUE
"589",1500,1300,8.19140815734866,1.77635683940025e-14,TRUE
"590",1600,1300,5.56507253646852,-7.105427357601e-15,TRUE
"591",1700,1300,6.3647770881653,2.48689957516035e-14,TRUE
"592",1800,1300,8.21135044097901,1.4210854715202e-14,TRUE
"593",1900,1300,10.2945775985718,-4.2632564145606e-14,TRUE
"594",2000,1300,7.60831499099734,2.48689957516035e-14,TRUE
"595",2100,1300,9.33837604522712,-3.5527136788005e-15,TRUE
"596",2200,1300,11.5211963653564,1.4210854715202e-14,TRUE
"597",2300,1300,7.54372024536134,1.06581410364015e-14,TRUE
"598",2400,1300,8.30944347381593,4.69316884582056e-31,TRUE
"599",2500,1300,7.50302219390869,1.77635683940025e-14,TRUE
"600",2600,1300,5.79734468460083,-1.4210854715202e-14,TRUE
"601",2700,1300,8.10377883911134,-2.1316282072803e-14,TRUE
"602",2800,1300,7.44395399093628,-7.105427357601e-15,TRUE
"603",2900,1300,10.4092445373535,1.06581410364015e-14,TRUE
"604",3000,1300,6.97589206695554,-3.90798504668055e-14,TRUE
"605",1000,1400,9.8115234375,1.06581410364015e-14,TRUE
"606",1100,1400,8.03487110137938,3.5527136788005e-15,TRUE
"607",1200,1400,10.0068588256836,3.5527136788005e-15,TRUE
"608",1300,1400,11.1982278823853,7.105427357601e-15,TRUE
"609",1400,1400,8.84171390533445,-3.5527136788005e-15,TRUE
"610",1500,1400,8.73271179199218,2.1316282072803e-14,TRUE
"611",1600,1400,4.99264669418338,3.19744231092045e-14,TRUE
"612",1700,1400,7.40407228469851,-2.48689957516035e-14,TRUE
"613",1800,1400,9.32980442047119,-1.77635683940025e-14,TRUE
"614",1900,1400,11.814977645874,3.5527136788005e-15,TRUE
"615",2000,1400,10.4495143890381,-1.06581410364015e-14,TRUE
"616",2100,1400,9.513201713562,3.44804241733755e-31,TRUE
"617",2200,1400,6.76392889022827,3.83115824148617e-30,TRUE
"618",2300,1400,9.06593227386475,-1.4210854715202e-14,TRUE
"619",2400,1400,8.37392234802247,3.5527136788005e-15,TRUE
"620",2500,1400,1.95146000385283,-1.77635683940025e-14,TRUE
"621",2600,1400,6.1210641860962,-4.9737991503207e-14,TRUE
"622",2700,1400,6.60845422744752,-7.105427357601e-15,TRUE
"623",2800,1400,6.37502431869506,3.5527136788005e-15,TRUE
"624",2900,1400,7.85328626632692,-3.5527136788005e-15,TRUE
"625",3000,1400,5.80061101913451,6.12985318637787e-31,TRUE
"626",1000,1500,8.64640331268309,-3.5527136788005e-15,TRUE
"627",1100,1500,9.68810844421385,-1.06581410364015e-14,TRUE
"628",1200,1500,11.7417430877686,9.57789560371542e-31,TRUE
"629",1300,1500,9.87348651885985,7.105427357601e-15,TRUE
"630",1400,1500,4.3352165222168,-1.4210854715202e-14,TRUE
"631",1500,1500,6.29166507720944,3.5527136788005e-14,TRUE
"632",1600,1500,8.13286685943603,2.1316282072803e-14,TRUE
"633",1700,1500,10.2231884002686,-3.5527136788005e-15,TRUE
"634",1800,1500,12.1087112426758,-7.105427357601e-15,TRUE
"635",1900,1500,14.7580499649048,-1.4210854715202e-14,TRUE
"636",2000,1500,11.063307762146,2.48689957516035e-14,TRUE
"637",2100,1500,13.1317129135132,-3.19744231092045e-14,TRUE
"638",2200,1500,8.28266811370851,-3.5527136788005e-15,TRUE
"639",2300,1500,5.88966417312624,2.1316282072803e-14,TRUE
"640",2400,1500,4.54023694992064,-3.5527136788005e-15,TRUE
"641",2500,1500,3.20361614227294,-7.105427357601e-15,TRUE
"642",2600,1500,5.84913682937621,-7.105427357601e-15,TRUE
"643",2700,1500,5.03549289703369,1.77635683940025e-14,TRUE
"644",2800,1500,5.58801984786986,2.1316282072803e-14,TRUE
"645",2900,1500,7.1734914779663,-1.77635683940025e-14,TRUE
"646",3000,1500,8.73464107513428,7.105427357601e-15,TRUE
"647",1000,1600,8.35949707031252,-1.77635683940025e-14,TRUE
"648",1100,1600,12.8572912216187,-1.4210854715202e-14,TRUE
"649",1200,1600,13.5676488876343,-1.06581410364015e-14,TRUE
"650",1300,1600,7.53848505020146,2.48689957516035e-14,TRUE
"651",1400,1600,5.26232719421385,-3.19744231092045e-14,TRUE
"652",1500,1600,8.54878425598143,1.4210854715202e-14,TRUE
"653",1600,1600,7.64164972305296,2.1316282072803e-14,TRUE
"654",1700,1600,11.3035917282104,1.77635683940025e-14,TRUE
"655",1800,1600,11.4539909362793,-2.1316282072803e-14,TRUE
"656",1900,1600,7.67613124847409,-1.77635683940025e-14,TRUE
"657",2000,1600,10.249927520752,1.06581410364015e-14,TRUE
"658",2100,1600,12.0442132949829,-3.5527136788005e-15,TRUE
"659",2200,1600,10.2858276367188,1.06581410364015e-14,TRUE
"660",2300,1600,4.61913156509398,3.5527136788005e-15,TRUE
"661",2400,1600,4.33682107925414,7.105427357601e-15,TRUE
"662",2500,1600,3.15394020080566,-7.105427357601e-15,TRUE
"663",2600,1600,4.61207103729248,1.4210854715202e-14,TRUE
"664",2700,1600,3.45458483695986,-7.105427357601e-15,TRUE
"665",2800,1600,6.35496473312379,1.77635683940025e-14,TRUE
"666",2900,1600,9.89826393127443,-1.77635683940025e-14,TRUE
"667",3000,1600,15.5007696151733,2.1316282072803e-14,TRUE
"668",1000,1700,11.8265647888184,-7.105427357601e-15,TRUE
"669",1100,1700,11.1246461868286,1.53246329659447e-31,TRUE
"670",1200,1700,13.7016019821167,1.77635683940025e-14,TRUE
"671",1300,1700,9.20927619934079,2.1316282072803e-14,TRUE
"672",1400,1700,10.4877099990845,-7.105427357601e-15,TRUE
"673",1500,1700,4.30890941619875,-3.5527136788005e-15,TRUE
"674",1600,1700,9.30833625793457,-3.5527136788005e-15,TRUE
"675",1700,1700,13.6519079208374,1.06581410364015e-14,TRUE
"676",1800,1700,14.122257232666,3.44804241733755e-31,TRUE
"677",1900,1700,12.5570106506348,-2.48689957516035e-14,TRUE
"678",2000,1700,12.4046230316162,3.90798504668055e-14,TRUE
"679",2100,1700,12.0252361297607,1.37921696693502e-30,TRUE
"680",2200,1700,10.2565879821777,-2.1316282072803e-14,TRUE
"681",2300,1700,10.9551572799683,1.77635683940025e-14,TRUE
"682",2400,1700,6.49621057510375,1.37921696693502e-30,TRUE
"683",2500,1700,4.23795366287231,-2.8421709430404e-14,TRUE
"684",2600,1700,4.6130895614624,3.5527136788005e-15,TRUE
"685",2700,1700,3.42606353759766,-3.5527136788005e-15,TRUE
"686",2800,1700,7.13046741485596,3.5527136788005e-15,TRUE
"687",2900,1700,9.64602947235104,-1.4210854715202e-14,TRUE
"688",3000,1700,11.50159740448,-3.5527136788005e-15,TRUE
"689",1000,1800,11.6845560073853,-7.105427357601e-15,TRUE
"690",1100,1800,7.04371786117554,1.77635683940025e-14,TRUE
"691",1200,1800,12.3862380981445,3.5527136788005e-15,TRUE
"692",1300,1800,12.1478652954102,3.19744231092045e-14,TRUE
"693",1400,1800,7.5140299797058,1.4210854715202e-14,TRUE
"694",1500,1800,6.02256393432621,1.4210854715202e-14,TRUE
"695",1600,1800,9.41790103912354,-2.8421709430404e-14,TRUE
"696",1700,1800,13.879264831543,7.105427357601e-15,TRUE
"697",1800,1800,13.9663124084473,3.5527136788005e-14,TRUE
"698",1900,1800,10.1756620407104,1.77635683940025e-14,TRUE
"699",2000,1800,12.7775259017944,2.48689957516035e-14,TRUE
"700",2100,1800,11.959981918335,-5.6843418860808e-14,TRUE
"701",2200,1800,13.0534801483154,-7.105427357601e-15,TRUE
"702",2300,1800,6.98336172103884,7.105427357601e-15,TRUE
"703",2400,1800,5.65467262268067,1.06581410364015e-14,TRUE
"704",2500,1800,7.23983716964721,1.4210854715202e-14,TRUE
"705",2600,1800,7.75960063934326,-7.105427357601e-15,TRUE
"706",2700,1800,7.70698404312131,3.19744231092045e-14,TRUE
"707",2800,1800,12.6196451187134,1.77635683940025e-14,TRUE
"708",2900,1800,12.2673358917236,3.44804241733755e-31,TRUE
"709",3000,1800,12.1813869476318,3.5527136788005e-15,TRUE
"710",1000,1900,12.9007596969604,-4.61852778244065e-14,TRUE
"711",1100,1900,10.2522964477539,3.5527136788005e-15,TRUE
"712",1200,1900,10.752685546875,7.105427357601e-15,TRUE
"713",1300,1900,8.53366756439212,7.105427357601e-15,TRUE
"714",1400,1900,7.97991275787352,1.4210854715202e-14,TRUE
"715",1500,1900,9.23311996459965,-3.19744231092045e-14,TRUE
"716",1600,1900,8.6494722366333,-7.105427357601e-15,TRUE
"717",1700,1900,14.1063251495361,2.15502651083597e-30,TRUE
"718",1800,1900,16.5836429595947,3.19744231092045e-14,TRUE
"719",1900,1900,16.5165672302246,2.1316282072803e-14,TRUE
"720",2000,1900,13.0105962753296,7.105427357601e-15,TRUE
"721",2100,1900,12.2335557937622,-3.5527136788005e-15,TRUE
"722",2200,1900,11.5918493270874,1.4210854715202e-14,TRUE
"723",2300,1900,10.0386142730713,-3.5527136788005e-15,TRUE
"724",2400,1900,8.48383903503417,-2.48689957516035e-14,TRUE
"725",2500,1900,9.76707458496096,0,TRUE
"726",2600,1900,10.546443939209,-3.5527136788005e-15,TRUE
"727",2700,1900,10.2113180160522,9.57789560371542e-31,TRUE
"728",2800,1900,8.72697544097901,-3.5527136788005e-15,TRUE
"729",2900,1900,9.88015365600586,-1.4210854715202e-14,TRUE
"730",3000,1900,12.850549697876,-3.5527136788005e-15,TRUE
"731",1000,2000,9.80360221862795,-3.5527136788005e-15,TRUE
"732",1100,2000,7.73108625411984,-3.5527136788005e-15,TRUE
"733",1200,2000,11.2526683807373,4.2632564145606e-14,TRUE
"734",1300,2000,7.42298412322993,-1.77635683940025e-14,TRUE
"735",1400,2000,6.71912860870362,4.9737991503207e-14,TRUE
"736",1500,2000,10.666633605957,-7.105427357601e-15,TRUE
"737",1600,2000,11.4273633956909,7.105427357601e-15,TRUE
"738",1700,2000,13.6779670715332,2.1316282072803e-14,TRUE
"739",1800,2000,19.6707382202148,-3.5527136788005e-14,TRUE
"740",1900,2000,16.854700088501,6.03961325396085e-14,TRUE
"741",2000,2000,14.3162679672241,2.1316282072803e-14,TRUE
"742",2100,2000,10.4790296554565,7.105427357601e-15,TRUE
"743",2200,2000,10.5227060317993,-1.06581410364015e-14,TRUE
"744",2300,2000,8.60710620880125,2.1316282072803e-14,TRUE
"745",2400,2000,7.92535924911499,7.75809543900949e-31,TRUE
"746",2500,2000,8.72468185424805,3.5527136788005e-15,TRUE
"747",2600,2000,10.6002969741821,-7.105427357601e-15,TRUE
"748",2700,2000,10.2427272796631,-1.4210854715202e-14,TRUE
"749",2800,2000,6.45979022979736,3.5527136788005e-15,TRUE
"750",2900,2000,10.5766401290894,-1.77635683940025e-14,TRUE
"751",3000,2000,10.5570201873779,3.5527136788005e-15,TRUE
"752",1000,2100,12.3266429901123,1.77635683940025e-14,TRUE
"753",1100,2100,10.5634756088257,-7.105427357601e-15,TRUE
"754",1200,2100,7.57121992111208,-2.1316282072803e-14,TRUE
"755",1300,2100,9.32701873779297,7.105427357601e-15,TRUE
"756",1400,2100,8.09945964813235,1.06581410364015e-14,TRUE
"757",1500,2100,8.59097194671632,-7.105427357601e-15,TRUE
"758",1600,2100,11.0103769302368,-3.5527136788005e-15,TRUE
"759",1700,2100,14.0033931732178,-3.5527136788005e-15,TRUE
"760",1800,2100,12.9730520248413,-7.105427357601e-15,TRUE
"761",1900,2100,11.5243263244629,-3.5527136788005e-15,TRUE
"762",2000,2100,10.2286167144775,1.37921696693502e-30,TRUE
"763",2100,2100,12.4122762680054,-6.3948846218409e-14,TRUE
"764",2200,2100,9.00460147857667,3.44804241733755e-31,TRUE
"765",2300,2100,5.05058288574219,-3.5527136788005e-15,TRUE
"766",2400,2100,3.27404856681824,-1.06581410364015e-14,TRUE
"767",2500,2100,8.41835403442381,7.105427357601e-15,TRUE
"768",2600,2100,10.3210515975952,1.77635683940025e-14,TRUE
"769",2700,2100,5.13421249389651,7.105427357601e-15,TRUE
"770",2800,2100,10.2097263336182,3.5527136788005e-15,TRUE
"771",2900,2100,9.52960586547852,-7.105427357601e-15,TRUE
"772",3000,2100,9.01264476776122,1.77635683940025e-14,TRUE
"773",1000,2200,11.704852104187,-7.105427357601e-15,TRUE
"774",1100,2200,14.3605766296387,7.105427357601e-15,TRUE
"775",1200,2200,13.5265808105469,9.57789560371542e-31,TRUE
"776",1300,2200,8.13682937622068,1.06581410364015e-14,TRUE
"777",1400,2200,7.2341594696045,-3.5527136788005e-15,TRUE
"778",1500,2200,7.07052659988404,-1.06581410364015e-14,TRUE
"779",1600,2200,10.7694034576416,-3.90798504668055e-14,TRUE
"780",1700,2200,13.2565879821777,-1.06581410364015e-14,TRUE
"781",1800,2200,10.9389085769653,3.19744231092045e-14,TRUE
"782",1900,2200,8.75356864929203,3.90798504668055e-14,TRUE
"783",2000,2200,8.60322189331055,2.48689957516035e-14,TRUE
"784",2100,2200,12.0495939254761,-3.90798504668055e-14,TRUE
"785",2200,2200,9.72707557678218,1.53246329659447e-31,TRUE
"786",2300,2200,10.6670875549316,7.105427357601e-15,TRUE
"787",2400,2200,7.71990060806273,-1.4210854715202e-14,TRUE
"788",2500,2200,6.81994295120241,-1.4210854715202e-14,TRUE
"789",2600,2200,6.05279159545899,3.5527136788005e-15,TRUE
"790",2700,2200,9.23162174224856,4.69316884582056e-31,TRUE
"791",2800,2200,6.17751264572145,-7.105427357601e-15,TRUE
"792",2900,2200,4.7325177192688,-7.105427357601e-15,TRUE
"793",3000,2200,7.95246553421022,7.105427357601e-15,TRUE
"794",1000,2300,13.7750339508057,1.4210854715202e-14,TRUE
"795",1100,2300,12.0085945129395,-1.4210854715202e-14,TRUE
"796",1200,2300,11.850359916687,3.5527136788005e-15,TRUE
"797",1300,2300,7.66249656677248,2.8421709430404e-14,TRUE
"798",1400,2300,10.0814332962036,7.105427357601e-15,TRUE
"799",1500,2300,9.4752941131592,1.53246329659447e-31,TRUE
"800",1600,2300,12.694260597229,-7.105427357601e-15,TRUE
"801",1700,2300,10.1559581756592,7.105427357601e-15,TRUE
"802",1800,2300,11.8147029876709,-3.5527136788005e-14,TRUE
"803",1900,2300,8.84074115753178,1.77635683940025e-14,TRUE
"804",2000,2300,11.002571105957,2.8421709430404e-14,TRUE
"805",2100,2300,12.3887062072754,-6.3948846218409e-14,TRUE
"806",2200,2300,13.4537572860718,1.06581410364015e-14,TRUE
"807",2300,2300,10.2911405563354,7.105427357601e-15,TRUE
"808",2400,2300,5.98549556732176,1.53246329659447e-31,TRUE
"809",2500,2300,7.22096490859987,3.5527136788005e-15,TRUE
"810",2600,2300,7.55415868759155,2.48689957516035e-14,TRUE
"811",2700,2300,7.03108358383179,-3.5527136788005e-15,TRUE
"812",2800,2300,5.11389780044556,-1.77635683940025e-14,TRUE
"813",2900,2300,6.29030990600587,6.12985318637787e-31,TRUE
"814",3000,2300,7.55370140075684,1.06581410364015e-14,TRUE
"815",1000,2400,10.7727098464966,0,TRUE
"816",1100,2400,11.1082515716553,-3.90798504668055e-14,TRUE
"817",1200,2400,13.1857414245605,-7.105427357601e-15,TRUE
"818",1300,2400,10.4963159561157,7.105427357601e-15,TRUE
"819",1400,2400,10.3547706604004,1.4210854715202e-14,TRUE
"820",1500,2400,8.10496711730957,-1.4210854715202e-14,TRUE
"821",1600,2400,8.53264427185058,1.06581410364015e-14,TRUE
"822",1700,2400,7.77639484405515,7.105427357601e-15,TRUE
"823",1800,2400,9.4835796356201,1.06581410364015e-14,TRUE
"824",1900,2400,10.3106126785278,-2.1316282072803e-14,TRUE
"825",2000,2400,11.407434463501,3.83115824148617e-32,TRUE
"826",2100,2400,12.7454862594604,-7.105427357601e-15,TRUE
"827",2200,2400,14.7954702377319,7.105427357601e-15,TRUE
"828",2300,2400,10.0078144073486,1.06581410364015e-14,TRUE
"829",2400,2400,13.4442853927612,-1.77635683940025e-14,TRUE
"830",2500,2400,10.6377782821655,3.5527136788005e-15,TRUE
"831",2600,2400,10.2539463043213,-7.105427357601e-15,TRUE
"832",2700,2400,7.85682344436647,-2.48689957516035e-14,TRUE
"833",2800,2400,6.82282495498657,-7.105427357601e-15,TRUE
"834",2900,2400,7.46579647064209,-1.06581410364015e-14,TRUE
"835",3000,2400,6.79443073272704,-1.06581410364015e-14,TRUE
"836",1000,2500,8.75037956237794,1.4210854715202e-14,TRUE
"837",1100,2500,8.72686386108399,3.5527136788005e-15,TRUE
"838",1200,2500,7.96464061737063,7.105427357601e-15,TRUE
"839",1300,2500,10.389181137085,-7.105427357601e-15,TRUE
"840",1400,2500,10.7908782958984,1.4210854715202e-14,TRUE
"841",1500,2500,8.09399700164793,1.77635683940025e-14,TRUE
"842",1600,2500,7.59985208511352,3.5527136788005e-15,TRUE
"843",1700,2500,6.27426958084109,2.1316282072803e-14,TRUE
"844",1800,2500,7.31877136230468,-2.8421709430404e-14,TRUE
"845",1900,2500,6.06176090240479,8.62010604334388e-32,TRUE
"846",2000,2500,13.6376543045044,3.19744231092045e-14,TRUE
"847",2100,2500,13.6167030334473,-3.90798504668055e-14,TRUE
"848",2200,2500,15.3986024856567,-2.48689957516035e-14,TRUE
"849",2300,2500,13.2111806869507,7.105427357601e-15,TRUE
"850",2400,2500,12.5944499969482,7.105427357601e-15,TRUE
"851",2500,2500,9.44683551788331,-7.105427357601e-15,TRUE
"852",2600,2500,10.9097747802734,-1.4210854715202e-14,TRUE
"853",2700,2500,9.99075603485108,6.12985318637787e-31,TRUE
"854",2800,2500,9.83892059326171,1.06581410364015e-14,TRUE
"855",2900,2500,7.11572217941285,-7.105427357601e-15,TRUE
"856",3000,2500,8.43387603759766,1.53246329659447e-31,TRUE
"857",1000,2600,13.1622104644775,-2.48689957516035e-14,TRUE
"858",1100,2600,7.64729785919185,-1.06581410364015e-14,TRUE
"859",1200,2600,1.37661457061769,1.77635683940025e-14,TRUE
"860",1300,2600,6.6204118728638,-3.5527136788005e-15,TRUE
"861",1400,2600,7.34119701385495,7.105427357601e-15,TRUE
"862",1500,2600,6.75455141067503,2.1316282072803e-14,TRUE
"863",1600,2600,6.69748401641842,-3.5527136788005e-15,TRUE
"864",1700,2600,5.46652507781982,-1.06581410364015e-14,TRUE
"865",1800,2600,9.87153339385985,-7.105427357601e-15,TRUE
"866",1900,2600,9.36428165435795,4.61852778244065e-14,TRUE
"867",2000,2600,11.4840097427368,-1.77635683940025e-14,TRUE
"868",2100,2600,14.7607469558716,-3.19744231092045e-14,TRUE
"869",2200,2600,12.0425157546997,7.105427357601e-15,TRUE
"870",2300,2600,14.1775121688843,-1.06581410364015e-14,TRUE
"871",2400,2600,14.1425714492798,-3.5527136788005e-15,TRUE
"872",2500,2600,11.0974655151367,-1.4210854715202e-14,TRUE
"873",2600,2600,8.84071159362794,1.4210854715202e-14,TRUE
"874",2700,2600,11.5710582733154,1.4210854715202e-14,TRUE
"875",2800,2600,11.8131074905396,-1.06581410364015e-14,TRUE
"876",2900,2600,7.78107690811158,1.06581410364015e-14,TRUE
"877",3000,2600,7.50417375564577,3.5527136788005e-15,TRUE
"878",1000,2700,11.5570707321167,7.105427357601e-15,TRUE
"879",1100,2700,7.89176654815671,-1.4210854715202e-14,TRUE
"880",1200,2700,2.75178408622743,1.06581410364015e-14,TRUE
"881",1300,2700,3.00285506248473,1.4210854715202e-14,TRUE
"882",1400,2700,3.34044885635375,2.48689957516035e-14,TRUE
"883",1500,2700,4.58742618560785,3.5527136788005e-15,TRUE
"884",1600,2700,5.35812759399415,-3.5527136788005e-15,TRUE
"885",1700,2700,7.62161254882811,-3.19744231092045e-14,TRUE
"886",1800,2700,7.90325880050657,-7.105427357601e-15,TRUE
"887",1900,2700,12.7150812149048,2.8421709430404e-14,TRUE
"888",2000,2700,11.298638343811,1.06581410364015e-14,TRUE
"889",2100,2700,10.5920782089233,-3.19744231092045e-14,TRUE
"890",2200,2700,10.8417177200317,-7.105427357601e-15,TRUE
"891",2300,2700,8.8235149383545,3.5527136788005e-15,TRUE
"892",2400,2700,8.47888565063478,7.105427357601e-15,TRUE
"893",2500,2700,11.4077405929565,3.5527136788005e-15,TRUE
"894",2600,2700,10.6166524887085,1.4210854715202e-14,TRUE
"895",2700,2700,9.80170822143557,7.105427357601e-15,TRUE
"896",2800,2700,7.46309614181517,-7.105427357601e-15,TRUE
"897",2900,2700,11.407829284668,2.8421709430404e-14,TRUE
"898",3000,2700,8.33294582366943,-7.105427357601e-15,TRUE
"899",1000,2800,11.2680187225342,-3.5527136788005e-15,TRUE
"900",1100,2800,8.74886989593509,1.77635683940025e-14,TRUE
"901",1200,2800,5.89989757537845,-2.8421709430404e-14,TRUE
"902",1300,2800,4.88930273056031,-1.4210854715202e-14,TRUE
"903",1400,2800,3.84181809425357,1.77635683940025e-14,TRUE
"904",1500,2800,7.10117101669311,4.69316884582056e-31,TRUE
"905",1600,2800,6.11351966857911,1.06581410364015e-14,TRUE
"906",1700,2800,8.98946285247802,-3.5527136788005e-15,TRUE
"907",1800,2800,6.1755313873291,-1.06581410364015e-14,TRUE
"908",1900,2800,11.7548160552979,-1.06581410364015e-14,TRUE
"909",2000,2800,13.3370552062988,-1.4210854715202e-14,TRUE
"910",2100,2800,7.535249710083,3.5527136788005e-15,TRUE
"911",2200,2800,9.31869125366212,3.5527136788005e-15,TRUE
"912",2300,2800,7.02008295059203,3.5527136788005e-15,TRUE
"913",2400,2800,9.10571098327636,7.105427357601e-15,TRUE
"914",2500,2800,9.82509326934816,-2.48689957516035e-14,TRUE
"915",2600,2800,8.06346130371094,-1.77635683940025e-14,TRUE
"916",2700,2800,4.78945732116701,-1.06581410364015e-14,TRUE
"917",2800,2800,8.73263263702393,1.4210854715202e-14,TRUE
"918",2900,2800,5.11540889739988,-4.2632564145606e-14,TRUE
"919",3000,2800,14.3936929702759,-1.06581410364015e-14,TRUE
"920",1000,2900,5.91323995590208,-2.1316282072803e-14,TRUE
"921",1100,2900,5.96822690963746,1.77635683940025e-14,TRUE
"922",1200,2900,7.90277385711671,-2.48689957516035e-14,TRUE
"923",1300,2900,8.52198314666749,-3.5527136788005e-15,TRUE
"924",1400,2900,3.92883467674254,7.105427357601e-15,TRUE
"925",1500,2900,3.35776185989381,3.5527136788005e-15,TRUE
"926",1600,2900,6.72531843185421,1.06581410364015e-14,TRUE
"927",1700,2900,9.7282810211182,2.1316282072803e-14,TRUE
"928",1800,2900,10.9812040328979,3.5527136788005e-15,TRUE
"929",1900,2900,11.0147294998169,7.10542735760101e-15,TRUE
"930",2000,2900,11.3009052276611,6.12985318637787e-31,TRUE
"931",2100,2900,7.13884305953981,1.37921696693502e-30,TRUE
"932",2200,2900,4.46048831939699,1.77635683940025e-14,TRUE
"933",2300,2900,4.72230386734009,4.69316884582056e-31,TRUE
"934",2400,2900,4.84841060638429,-1.77635683940025e-14,TRUE
"935",2500,2900,8.32317352294923,8.62010604334388e-32,TRUE
"936",2600,2900,6.53910112380982,3.5527136788005e-15,TRUE
"937",2700,2900,7.7091727256775,1.53246329659447e-31,TRUE
"938",2800,2900,6.65642499923707,-7.105427357601e-15,TRUE
"939",2900,2900,6.1284565925598,6.12985318637787e-31,TRUE
"940",3000,2900,12.5573120117188,-3.5527136788005e-15,TRUE
"941",1000,3000,9.02112674713133,-1.06581410364015e-14,TRUE
"942",1100,3000,11.2326765060425,-7.105427357601e-15,TRUE
"943",1200,3000,6.52689218521119,3.83115824148617e-32,TRUE
"944",1300,3000,7.34900236129761,1.06581410364015e-14,TRUE
"945",1400,3000,2.91779851913452,1.06581410364015e-14,TRUE
"946",1500,3000,7.73854541778565,7.105427357601e-15,TRUE
"947",1600,3000,5.14664125442503,-1.77635683940025e-14,TRUE
"948",1700,3000,5.82546424865724,-3.5527136788005e-15,TRUE
"949",1800,3000,10.208345413208,7.105427357601e-15,TRUE
"950",1900,3000,12.6106595993042,3.5527136788005e-15,TRUE
"951",2000,3000,11.2452688217163,-1.77635683940025e-14,TRUE
"952",2100,3000,10.2629899978638,-5.6843418860808e-14,TRUE
"953",2200,3000,8.80084800720214,3.5527136788005e-15,TRUE
"954",2300,3000,7.32202863693238,-1.06581410364015e-14,TRUE
"955",2400,3000,5.2321524620056,-7.105427357601e-15,TRUE
"956",2500,3000,11.2159976959229,-1.77635683940025e-14,TRUE
"957",2600,3000,9.4074640274048,1.06581410364015e-14,TRUE
"958",2700,3000,8.88222885131836,3.83115824148617e-32,TRUE
"959",2800,3000,6.8809185028076,-1.77635683940025e-14,TRUE
"960",2900,3000,4.45573997497559,3.5527136788005e-15,TRUE
"961",3000,3000,9.47004318237306,-3.5527136788005e-15,TRUE
"962",2544,1972,12.5106496810913,-7.105427357601e-15,TRUE
"963",1842,989,7.6270246505737,-1.4210854715202e-14,TRUE
"964",2235,2386,11.5521593093872,1.77635683940025e-14,TRUE
"965",2219,2774,8.15233516693114,3.5527136788005e-15,TRUE
"966",2972,988,9.37863063812257,-1.77635683940025e-14,TRUE
"967",1071,1567,10.8701467514038,1.06581410364015e-14,TRUE
"968",1879,1171,7.61304140090941,4.2632564145606e-14,TRUE
"969",2908,1263,7.1432681083679,7.105427357601e-15,TRUE
"970",2319,2405,9.90780448913572,3.5527136788005e-15,TRUE
"971",3271,2160,7.40292644500731,-1.06581410364015e-14,TRUE
"972",3175,2102,8.31759548187257,3.5527136788005e-15,TRUE
"973",2933,978,8.56737041473391,2.8421709430404e-14,TRUE
"974",1392,1846,8.23823451995853,1.4210854715202e-14,TRUE
"975",3044,1123,8.18467426300051,-3.19744231092045e-14,TRUE
"976",3136,2091,8.9415798187256,2.48689957516035e-14,TRUE
"977",1315,1975,7.46242856979374,1.06581410364015e-14,TRUE
"978",2310,2732,10.0518741607666,7.105427357601e-15,TRUE
"979",1839,995,6.45886611938481,-7.105427357601e-15,TRUE
"980",1706,1165,5.53321409225465,3.19744231092045e-14,TRUE
"981",1897,1220,6.37483167648316,1.06581410364015e-14,TRUE
"982",1651,1157,6.13286161422732,-1.77635683940025e-14,TRUE
"983",1350,1970,6.82684707641603,-7.105427357601e-15,TRUE
"984",1837,1037,6.03529262542725,-2.1316282072803e-14,TRUE
"985",2327,2417,12.3639116287231,1.06581410364015e-14,TRUE
"986",2504,1965,8.71894359588623,-1.4210854715202e-14,TRUE
"987",3085,1214,10.3277034759521,-7.105427357601e-15,TRUE
"988",3025,1201,8.50965690612793,-3.5527136788005e-15,TRUE
"989",2234,2737,8.05235862731932,-1.06581410364015e-14,TRUE
"990",2224,2728,9.00721836090087,-3.5527136788005e-15,TRUE
"991",3061,2025,13.5080194473267,2.1316282072803e-14,TRUE
"992",2909,1334,7.48610639572142,2.1316282072803e-14,TRUE
"993",2102,2597,15.1202716827393,-1.06581410364015e-14,TRUE
"994",1797,1215,11.3317947387696,-5.32907051820075e-14,TRUE
