BL_ID	Easting	Northing	Above Sea Level	Cu in %	Mo in %
E4N	4301,51	4413,58	5130,07	0,56	0,04
E4N	4301,51	4426,63	5104,45	0,59	0,05
E4N	4301,51	4440,25	5077,72	0,55	0,03
E4N	4301,51	4453,87	5050,99	0,56	0,03
E4N	4301,51	4467,49	5024,26	0,57	0,03
E4N	4301,51	4481,11	4997,53	0,59	0,05
E4N	4301,51	4494,73	4970,80	0,59	0,04
E4N	4301,51	4508,35	4944,07	0,60	0,04
E4N	4301,51	4521,97	4917,34	0,56	0,03
E4N	4301,51	4535,59	4890,61	0,54	0,03
E4N	4301,51	4549,21	4863,88	0,54	0,03
E4N	4301,51	4562,83	4837,15	0,55	0,03
E4N	4301,51	4576,45	4810,42	0,56	0,03
E4N	4301,51	4590,07	4783,69	0,56	0,03
E4N	4301,51	4603,69	4756,96	0,56	0,04
E4N	4301,51	4617,31	4730,23	0,55	0,03
E4N	4301,51	4630,93	4703,50	0,58	0,04
E4N	4301,51	4644,54	4676,77	0,56	0,04
E4N	4301,51	4658,16	4650,04	0,57	0,04
E2S	4301,00	5190,70	5174,99	0,56	0,08
E2S	4301,00	5178,21	5150,48	0,61	0,07
E2S	4301,00	5164,59	5123,75	0,55	0,04
E2S	4301,00	5150,97	5097,02	0,57	0,03
E2S	4301,00	5137,35	5070,29	0,60	0,04
E2S	4301,00	5123,73	5043,56	0,59	0,04
E2S	4301,00	5110,11	5016,83	0,54	0,04
E2S	4301,00	5096,49	4990,10	0,54	0,03
E2S	4301,00	5082,87	4963,37	0,54	0,02
E2S	4301,00	5069,25	4936,64	0,54	0,03
E2S	4301,00	5055,63	4909,91	0,55	0,04
E2S	4301,00	5042,01	4883,18	0,57	0,03
E2S	4301,00	5028,39	4856,45	0,57	0,03
E2S	4301,00	5014,77	4829,72	0,55	0,03
E2S	4301,00	5001,15	4802,99	0,59	0,02
E2S	4301,00	4987,53	4776,26	0,62	0,02
E2S	4301,00	4973,91	4749,53	0,65	0,03
E2S	4301,00	4960,30	4722,80	0,55	0,03
E2S	4301,00	4946,68	4696,07	0,58	0,03
E2S	4301,00	4933,06	4669,34	0,57	0,03
F3S	4100,73	4728,05	4937,04	0,59	0,04
F3S	3899,95	4779,55	5228,04	0,67	0,12
F3S	3899,95	4765,93	5201,31	0,70	0,06
F3S	3899,95	4752,31	5174,58	0,64	0,05
F3S	3899,95	4738,69	5147,85	0,60	0,07
F3S	3899,95	4725,07	5121,12	0,64	0,06
F3S	3899,95	4711,45	5094,39	0,78	0,08
F3S	3899,95	4697,83	5067,66	0,73	0,08
F3S	3899,95	4684,21	5040,93	0,62	0,05
F3S	3899,95	4670,59	5014,20	0,67	0,05
F3S	3899,95	4656,97	4987,47	0,64	0,04
F3S	3899,95	4643,35	4960,74	0,68	0,07
F3S	3899,95	4629,73	4934,01	0,62	0,05
F3S	3899,95	4616,11	4907,28	0,71	0,11
F3S	3899,95	4602,49	4880,55	0,60	0,05
F3S	3899,95	4588,87	4853,82	0,61	0,05
F3S	3899,95	4575,25	4827,09	0,61	0,04
F3S	3899,95	4561,64	4800,36	0,69	0,04
F3S	3899,95	4548,02	4773,63	0,58	0,08
F3S	3899,95	4534,40	4746,90	0,58	0,06
F3S	3899,95	4520,78	4720,17	0,61	0,04
F3S	3899,95	4508,29	4695,67	0,62	0,04
F4S	3899,95	4379,55	5211,25	0,61	0,06
F4S	3899,95	4365,93	5184,52	0,61	0,06
F4S	3899,95	4352,31	5157,79	0,60	0,06
F4S	3899,95	4338,69	5131,06	0,59	0,05
F4S	3899,95	4325,07	5104,33	0,59	0,06
F4S	3899,95	4311,45	5077,60	0,56	0,05
F4S	3899,95	4297,83	5050,87	0,55	0,04
F4S	3899,95	4284,21	5024,14	0,57	0,05
F4S	3899,95	4270,59	4997,41	0,58	0,04
F4S	3899,95	4256,97	4970,68	0,62	0,05
F4S	3899,95	4243,35	4943,95	0,58	0,04
F4S	3899,95	4229,73	4917,22	0,56	0,04
F4S	3899,95	4216,11	4890,49	0,60	0,06
F4S	3899,95	4202,49	4863,76	0,59	0,04
F4S	3899,95	4188,87	4837,03	0,61	0,05
F4S	3899,95	4175,25	4810,30	0,70	0,05
F4S	3899,95	4161,64	4783,57	0,69	0,08
F4S	3899,95	4148,02	4756,84	0,59	0,05
F4S	3899,95	4134,40	4730,11	0,57	0,04
F4S	3899,95	4120,78	4703,38	0,58	0,06
F4S	3899,95	4108,29	4678,88	0,59	0,04
G9S	3500,00	2391,83	5016,39	0,54	0,03
G9S	3500,00	2379,57	4992,33	0,55	0,03
G9S	3500,00	2365,95	4965,60	0,55	0,03
G9S	3500,00	2352,33	4938,87	0,55	0,05
G9S	3500,00	2338,71	4912,14	0,54	0,02
G9S	3500,00	2325,09	4885,41	0,54	0,03
G9S	3500,00	2311,47	4858,68	0,82	0,36
G9S	3500,00	2297,85	4831,95	0,63	0,07
G9S	3500,00	2284,23	4805,22	0,58	0,05
G9S	3500,00	2270,61	4778,49	0,59	0,06
G9S	3500,00	2256,99	4751,76	0,55	0,04
G9S	3500,00	2243,37	4725,03	0,60	0,05
G9S	3500,00	2229,75	4698,30	0,58	0,04
G9S	3500,00	2216,13	4671,57	0,58	0,03
G9S	3500,00	2202,51	4644,84	0,56	0,03
G9S	3500,00	2188,89	4618,11	0,56	0,04
G9S	3500,00	2175,27	4591,38	0,56	0,06
G9S	3500,00	2161,65	4564,65	0,55	0,03
G9S	3500,00	2148,04	4537,92	0,56	0,03
G9S	3500,00	2134,42	4511,19	0,58	0,03
G3S	3499,95	4786,25	5338,45	0,62	0,04
G3S	3499,95	4772,74	5311,94	0,62	0,04
G3S	3499,95	4759,12	5285,21	0,62	0,04
G3S	3499,95	4745,50	5258,48	0,60	0,04
G3S	3499,95	4731,88	5231,75	0,64	0,09
G3S	3499,95	4718,26	5205,02	0,64	0,06
G3S	3499,95	4704,64	5178,29	0,69	0,07
G3S	3499,95	4691,02	5151,56	0,63	0,08
G3S	3499,95	4677,40	5124,83	0,68	0,06
G3S	3499,95	4663,78	5098,10	0,72	0,07
G3S	3499,95	4650,16	5071,37	0,67	0,07
G3S	3499,95	4636,54	5044,64	0,64	0,05
G3S	3499,95	4622,92	5017,91	0,62	0,06
G3S	3499,95	4609,30	4991,18	0,65	0,07
G3S	3499,95	4595,68	4964,45	0,71	0,08
G3S	3499,95	4582,06	4937,72	0,61	0,04
G3S	3499,95	4568,44	4910,99	0,65	0,04
G3S	3499,95	4554,83	4884,26	0,67	0,04
G3S	3499,95	4541,21	4857,53	0,66	0,07
G3S	3499,95	4527,59	4830,80	0,76	0,09
G3S	3499,95	4513,97	4804,07	0,73	0,04
G3S	3499,95	4500,35	4777,34	0,67	0,05
G3S	3499,95	4486,73	4750,61	0,58	0,06
G3S	3499,95	4473,11	4723,88	0,54	0,05
G3S	3499,95	4460,05	4698,26	0,58	0,03
G4N	3499,95	4420,75	5263,64	0,68	0,06
G4N	3499,95	4434,03	5237,57	0,66	0,07
G4N	3499,95	4447,65	5210,84	0,70	0,06
G4N	3499,95	4461,27	5184,11	0,73	0,08
G4N	3499,95	4474,89	5157,38	0,73	0,09
G4N	3499,95	4488,51	5130,65	0,65	0,07
G4N	3499,95	4502,13	5103,92	0,70	0,08
G4N	3499,95	4515,75	5077,19	0,74	0,10
G4N	3499,95	4529,37	5050,46	0,70	0,09
G4N	3499,95	4542,99	5023,73	0,65	0,06
G4N	3499,95	4556,61	4997,00	0,67	0,06
G4N	3499,95	4570,23	4970,27	0,65	0,07
G4N	3499,95	4583,85	4943,54	0,62	0,05
G4N	3499,95	4597,47	4916,81	0,63	0,05
G4N	3499,95	4611,09	4890,08	0,66	0,06
G4N	3499,95	4624,71	4863,35	0,69	0,08
G4N	3499,95	4638,32	4836,62	0,67	0,08
G4N	3499,95	4651,94	4809,89	0,61	0,04
G4N	3499,95	4665,56	4783,16	0,61	0,05
G4N	3499,95	4679,18	4756,43	0,59	0,04
G4N	3499,95	4692,80	4729,70	0,56	0,03
G4N	3499,95	4706,42	4702,97	0,57	0,03
G4N	3499,95	4720,04	4676,24	0,57	0,04
G4N	3499,95	4733,66	4649,51	0,60	0,04
G4S	3499,95	4433,46	5239,70	0,65	0,19
G4S	3499,95	4447,65	5211,85	0,54	0,06
G4S	3499,95	4461,27	5185,12	0,55	0,07
G4S	3499,95	4474,89	5158,39	0,56	0,05
G4S	3499,95	4488,51	5131,66	0,56	0,04
G4S	3499,95	4502,13	5104,93	0,57	0,06
G4S	3499,95	4515,75	5078,20	0,60	0,08
G4S	3499,95	4529,37	5051,47	0,60	0,05
G4S	3499,95	4542,99	5024,74	0,56	0,06
G4S	3499,95	4556,61	4998,01	0,57	0,07
G5N	3499,95	4289,76	5105,24	0,58	0,04
G5N	3499,95	4020,41	5217,36	0,57	0,05
G5N	3499,95	4034,03	5190,63	0,58	0,05
G5N	3499,95	4047,65	5163,90	0,59	0,04
G5N	3499,95	4061,27	5137,17	0,58	0,05
G5N	3499,95	4074,89	5110,44	0,63	0,07
G5N	3499,95	4088,51	5083,71	0,61	0,06
G5N	3499,95	4102,13	5056,98	0,70	0,06
G5N	3499,95	4115,75	5030,25	0,65	0,06
G5N	3499,95	4129,37	5003,52	0,60	0,05
G5N	3499,95	4142,99	4976,79	0,61	0,07
G5N	3499,95	4156,61	4950,06	0,63	0,06
G5N	3499,95	4170,23	4923,33	0,63	0,06
G5N	3499,95	4183,85	4896,60	0,62	0,09
G5N	3499,95	4197,47	4869,87	0,64	0,06
G5N	3499,95	4211,09	4843,14	0,64	0,05
G5N	3499,95	4224,71	4816,41	0,64	0,05
G5N	3499,95	4238,32	4789,68	0,61	0,05
G5N	3499,95	4251,94	4762,95	0,62	0,05
G5N	3499,95	4265,56	4736,22	0,66	0,06
G5N	3499,95	4279,18	4709,49	0,67	0,06
H7S	3100,00	3192,40	5293,76	0,55	0,05
H7S	3100,00	3179,57	5268,58	0,63	0,03
H7S	3100,00	3165,95	5241,85	0,57	0,03
H7S	3100,00	3152,33	5215,12	0,51	0,03
H7S	3100,00	3138,71	5188,39	0,55	0,03
H7S	3100,00	3125,09	5161,66	0,55	0,03
H7S	3100,00	3111,47	5134,93	0,56	0,05
H7S	3100,00	3097,85	5108,20	0,56	0,04
H7S	3100,00	3084,23	5081,47	0,54	0,03
H7S	3100,00	3070,61	5054,74	0,54	0,03
H7S	3100,00	3056,99	5028,01	0,56	0,03
H7S	3100,00	3043,37	5001,28	0,54	0,03
H7S	3100,00	3029,75	4974,55	0,56	0,05
H4N	3099,95	4407,92	5305,61	0,68	0,03
H4N	3099,95	4420,41	5281,11	0,69	0,06
H4N	3099,95	4434,03	5254,37	0,68	0,06
H4N	3099,95	4447,65	5227,64	0,67	0,08
H4N	3099,95	4461,27	5200,91	0,89	0,08
H4N	3099,95	4474,89	5174,18	0,71	0,07
H4N	3099,95	4488,51	5147,45	0,71	0,05
H4N	3099,95	4502,13	5120,72	0,63	0,05
H4N	3099,95	4515,75	5093,99	0,70	0,06
H4N	3099,95	4529,37	5067,26	0,71	0,07
H4N	3099,95	4542,99	5040,53	0,67	0,05
H4N	3099,95	4556,61	5013,80	0,68	0,05
H4N	3099,95	4570,23	4987,07	0,67	0,04
H4N	3099,95	4583,85	4960,34	0,62	0,03
H4N	3099,95	4597,47	4933,61	0,61	0,04
H4S	3099,95	4379,55	5281,11	0,81	0,12
H4S	3099,95	4365,93	5254,37	0,71	0,09
H4S	3099,95	4352,31	5227,64	0,91	0,13
H4S	3099,95	4338,69	5200,91	0,80	0,12
H4S	3099,95	4325,07	5174,18	0,66	0,09
H4S	3099,95	4311,45	5147,45	0,69	0,07
H4S	3099,95	4297,83	5120,72	0,67	0,05
H4S	3099,95	4284,21	5093,99	0,68	0,04
H4S	3099,95	4270,59	5067,26	0,62	0,03
H4S	3099,95	4256,97	5040,53	0,68	0,06
H4S	3099,95	4243,35	5013,80	0,66	0,05
H4S	3099,95	4229,73	4987,07	0,69	0,07
H4S	3099,95	4216,11	4960,34	0,69	0,05
H4S	3099,95	4202,49	4933,61	0,75	0,09
H5N	3099,95	4007,24	5291,41	0,59	0,03
H5N	3099,95	4020,41	5265,57	0,62	0,04
H5N	3099,95	4034,03	5238,84	0,62	0,05
H5N	3099,95	4047,65	5212,11	0,64	0,09
H5N	3099,95	4061,27	5185,38	0,60	0,07
H5N	3099,95	4074,89	5158,65	0,67	0,07
H5N	3099,95	4088,51	5131,92	0,66	0,09
H5N	3099,95	4102,13	5105,19	0,59	0,05
H5N	3099,95	4115,75	5078,46	0,67	0,07
H5N	3099,95	4129,37	5051,73	0,65	0,06
H5N	3099,95	4142,99	5025,00	0,72	0,07
H5N	3099,95	4156,61	4998,27	0,68	0,09
H5N	3099,95	4170,23	4971,54	0,70	0,08
H5N	3099,95	4183,85	4944,81	0,66	0,06
H5N	3099,95	4197,47	4918,08	0,62	0,05
H6N	3099,86	3607,65	5047,53	0,59	0,05
H6N	3099,86	3620,02	5023,25	0,57	0,04
H6N	3099,86	3633,87	4996,07	0,59	0,05
H6N	3099,86	3647,49	4969,34	0,62	0,05
H6N	3099,86	3661,11	4942,61	0,62	0,06
H6N	3099,86	3674,73	4915,88	0,60	0,04
H6N	3099,86	3688,35	4889,15	0,59	0,04
H6N	3099,86	3701,97	4862,42	0,60	0,04
H6N	3099,86	3715,59	4835,69	0,63	0,04
H6N	3099,86	3729,21	4808,96	0,64	0,05
H6N	3099,86	3742,83	4782,23	0,64	0,09
H6N	3099,86	3756,45	4755,50	0,61	0,05
H6N	3099,86	3770,07	4728,77	0,61	0,06
H6N	3099,86	3783,69	4702,04	0,66	0,08
H6N	3099,86	3797,42	4675,09	0,60	0,04
H6S	3099,86	3592,44	5048,42	0,58	0,03
H6S	3099,86	3579,39	5022,80	0,60	0,04
H6S	3099,86	3565,77	4996,07	0,66	0,09
H6S	3099,86	3552,15	4969,34	0,61	0,05
H6S	3099,86	3538,53	4942,61	0,63	0,17
H6S	3099,86	3524,91	4915,88	0,64	0,06
H6S	3099,86	3511,29	4889,15	0,64	0,05
H6S	3099,86	3497,67	4862,42	0,66	0,05
H6S	3099,86	3484,05	4835,69	0,67	0,04
H6S	3099,86	3470,43	4808,96	0,66	0,03
H6S	3099,86	3456,81	4782,23	0,70	0,04
I9&150	2849,94	2385,34	5039,22	0,53	0,02
I9&150	2849,94	2372,74	5014,49	0,53	0,03
I9&150	2849,94	2359,12	4987,76	0,54	0,04
I9&150	2849,94	2345,50	4961,03	0,57	0,04
I9&150	2849,94	2331,88	4934,30	0,54	0,03
I9&150	2849,94	2318,26	4907,57	0,55	0,03
I9&150	2849,94	2304,64	4880,84	0,53	0,03
I9&150	2849,94	2291,02	4854,11	0,53	0,04
I9&150	2849,94	2277,40	4827,38	0,54	0,04
I9&150	2849,94	2263,78	4800,65	0,56	0,04
I9&150	2849,94	2250,16	4773,92	0,55	0,04
I9&150	2849,94	2236,54	4747,19	0,54	0,03
I9&150	2849,94	2222,92	4720,46	0,57	0,03
I9&150	2849,94	2209,30	4693,73	0,57	0,04
I9&150	2849,94	2195,68	4667,00	0,63	0,05
I9&150	2849,94	2182,06	4640,27	0,62	0,07
I9&150	2849,94	2168,44	4613,54	0,59	0,03
I9&150	2849,94	2154,83	4586,81	0,63	0,03
I9&150	2849,94	2141,21	4560,08	0,64	0,04
I9&150	2849,94	2127,59	4533,35	0,59	0,07
I9S	2701,53	2382,68	5025,77	0,66	0,04
I9S	2701,53	2369,63	5000,15	0,64	0,04
I9S	2701,53	2356,01	4973,42	0,60	0,04
I9S	2701,53	2342,39	4946,69	0,56	0,03
I3N	2699,95	4807,92	5463,01	0,62	0,03
I3N	2699,95	4818,14	5442,96	0,65	0,04
I3N	2699,95	4834,03	5411,77	0,64	0,05
I3N	2699,95	4847,65	5385,04	0,66	0,04
I3N	2699,95	4861,27	5358,31	0,69	0,06
I3N	2699,95	4874,89	5331,58	0,63	0,04
I3N	2699,95	4888,51	5304,85	0,58	0,03
I3N	2699,95	4902,13	5278,12	0,61	0,04
I3N	2699,95	4915,75	5251,39	0,62	0,04
I3N	2699,95	4929,37	5224,66	0,62	0,04
I3N	2699,95	4942,99	5197,93	0,62	0,04
I3N	2699,95	4956,61	5171,20	0,60	0,04
I3N	2699,95	4970,23	5144,47	0,58	0,04
I3N	2699,95	4983,85	5117,74	0,58	0,03
I3N	2699,95	4997,47	5091,01	0,59	0,04
I3N	2699,95	5011,09	5064,28	0,62	0,04
I3N	2699,95	5024,71	5037,55	0,63	0,14
I3N	2699,95	5038,32	5010,82	0,64	0,05
I3N	2699,95	5051,94	4984,09	0,59	0,05
I3S	2699,95	4792,04	5463,01	0,63	0,02
I3S	2699,95	4779,55	5438,50	0,66	0,03
I3S	2699,95	4765,93	5411,77	0,66	0,03
I3S	2699,95	4752,31	5385,04	0,69	0,04
I3S	2699,95	4738,69	5358,31	0,67	0,03
I3S	2699,95	4725,07	5331,58	0,65	0,06
I3S	2699,95	4711,45	5304,85	0,62	0,05
I3S	2699,95	4697,83	5278,12	0,67	0,05
I3S	2699,95	4684,21	5251,39	0,67	0,06
I3S	2699,95	4670,59	5224,66	0,79	0,05
I3S	2699,95	4656,97	5197,93	0,70	0,06
I3S	2699,95	4643,35	5171,20	0,70	0,04
I3S	2699,95	4629,73	5144,47	0,78	0,11
I3S	2699,95	4616,11	5117,74	0,71	0,07
I3S	2699,95	4602,49	5091,01	0,81	0,08
I4N	2699,95	4413,83	5337,46	0,76	0,08
I4N	2699,95	4427,22	5311,18	0,71	0,04
I4N	2699,95	4440,84	5284,45	0,67	0,05
I4N	2699,95	4454,46	5257,72	0,67	0,06
I4N	2699,95	4468,08	5230,99	0,59	0,04
I4N	2699,95	4481,70	5204,26	0,63	0,06
I4N	2699,95	4495,32	5177,53	0,64	0,05
I4N	2699,95	4508,94	5150,80	0,68	0,07
I4N	2699,95	4522,56	5124,07	0,66	0,06
I4N	2699,95	4536,18	5097,34	0,64	0,07
I4N	2699,95	4549,80	5070,61	0,66	0,05
I4N	2699,95	4563,42	5043,88	0,66	0,05
I4N	2699,95	4577,04	5017,15	0,67	0,06
I4N	2699,95	4590,66	4990,42	0,73	0,06
I4N	2699,95	4604,28	4963,69	0,69	0,06
I4N	2699,95	4617,90	4936,96	0,75	0,09
I4N	2699,95	4631,40	4910,45	0,65	0,07
I4N	2699,95	4645,02	4883,72	0,63	0,06
I4N	2699,95	4658,41	4857,43	0,64	0,05
I5N	2699,95	4009,29	5318,41	0,74	0,09
I5N	2699,95	4018,14	5301,04	0,79	0,13
I5N	2699,95	4027,22	5283,22	0,75	0,08
I5N	2699,95	4036,30	5265,40	0,69	0,10
I5N	2699,95	4045,38	5247,58	0,82	0,13
I5N	2699,95	4054,46	5229,76	0,71	0,13
I5N	2699,95	4063,54	5211,94	0,78	0,10
I5N	2699,95	4072,62	5194,12	0,79	0,10
I5N	2699,95	4081,70	5176,30	0,85	0,13
I5N	2699,95	4090,78	5158,48	0,77	0,11
I5N	2699,95	4099,86	5140,66	0,78	0,09
I5N	2699,95	4108,94	5122,84	0,72	0,08
I5N	2699,95	4118,02	5105,02	0,68	0,05
I5N	2699,95	4127,10	5087,20	0,64	0,09
I5N	2699,95	4136,18	5069,38	0,66	0,09
I5N	2699,95	4145,26	5051,56	0,74	0,09
I5N	2699,95	4154,34	5033,74	0,68	0,07
I5N	2699,95	4163,42	5015,92	0,77	0,15
I5N	2699,95	4172,50	4998,10	0,69	0,09
I5N	2699,95	4181,58	4980,28	0,68	0,07
I5N	2699,95	4190,66	4962,46	0,70	0,07
I5N	2699,95	4199,74	4944,64	0,73	0,07
I5S	2699,95	3994,87	5326,66	0,56	0,04
I5S	2699,95	3986,36	5309,95	0,62	0,10
I5S	2699,95	3977,28	5292,13	0,71	0,05
I5S	2699,95	3968,20	5274,31	0,77	0,08
I5S	2699,95	3959,12	5256,49	0,86	0,09
I5S	2699,95	3950,04	5238,67	0,76	0,17
I5S	2699,95	3940,96	5220,85	0,62	0,08
I5S	2699,95	3931,88	5203,03	0,77	0,11
I5S	2699,95	3922,80	5185,21	0,73	0,05
I5S	2699,95	3913,72	5167,39	0,73	0,19
I5S	2699,95	3904,64	5149,57	0,59	0,10
I5S	2699,95	3895,56	5131,75	0,59	0,07
I5S	2699,95	3886,48	5113,93	0,70	0,05
I5S	2699,95	3877,40	5096,11	0,69	0,05
I5S	2699,95	3868,32	5078,29	0,73	0,08
I5S	2699,95	3859,24	5060,47	0,67	0,11
I5S	2699,95	3850,16	5042,65	0,66	0,04
I5S	2699,95	3841,08	5024,83	0,69	0,07
I5S	2699,95	3832,00	5007,01	0,68	0,08
I5S	2699,95	3822,92	4989,19	0,67	0,37
I5S	2699,95	3813,84	4971,37	0,83	0,42
I5S	2699,95	3804,76	4953,55	0,61	0,06
I5S	2699,95	3795,68	4935,73	0,66	0,14
I5S	2699,95	3786,60	4917,91	0,63	0,06
I5S	2699,95	3777,52	4900,09	0,62	0,04
I7N	2699,95	3207,58	5251,28	0,72	0,04
I7N	2699,95	3220,41	5226,11	0,82	0,14
I7N	2699,95	3234,03	5199,37	0,80	0,06
I7N	2699,95	3247,65	5172,64	0,73	0,06
I7N	2699,95	3261,27	5145,91	0,72	0,08
I7N	2699,95	3274,89	5119,18	0,82	0,09
I7N	2699,95	3288,51	5092,45	0,84	0,06
I7N	2699,95	3302,13	5065,72	0,83	0,08
I7N	2699,95	3315,75	5038,99	0,78	0,08
I7N	2699,95	3329,37	5012,26	0,77	0,09
I7N	2699,95	3342,99	4985,53	0,71	0,05
I7N	2699,95	3360,01	4952,12	0,83	0,06
I7N	2699,95	3377,04	4918,71	0,67	0,06
I7N	2699,95	3390,66	4891,98	0,68	0,06
I7S	2699,95	3192,04	5250,61	0,70	0,05
I7S	2699,95	3179,55	5226,11	0,70	0,07
I7S	2699,95	3165,93	5199,37	0,69	0,06
I7S	2699,95	3152,31	5172,64	0,71	0,05
I7S	2699,95	3138,69	5145,91	0,72	0,09
I7S	2699,95	3125,07	5119,18	0,76	0,12
I7S	2699,95	3111,45	5092,45	0,64	0,06
I7S	2699,95	3097,83	5065,72	0,67	0,08
I7S	2699,95	3084,21	5038,99	0,71	0,07
I7S	2699,95	3070,59	5012,26	0,77	0,08
I7S	2699,95	3056,97	4985,53	0,68	0,05
I7S	2699,95	3043,35	4958,80	0,74	0,06
I7S	2699,95	3029,73	4932,07	0,72	0,14
I7S	2699,95	3016,11	4905,34	0,66	0,05
I7S	2699,95	3002,38	4878,39	0,66	0,07
I8_5N	2699,95	2606,13	5091,34	0,57	0,03
I8_5N	2699,95	2617,56	5064,42	0,64	0,04
I8_5N	2699,95	2629,28	5036,80	0,65	0,04
I8_5N	2699,95	2641,01	5009,19	0,66	0,08
I8_5N	2699,95	2652,73	4981,57	0,58	0,04
I8_5N	2699,95	2664,45	4953,96	0,63	0,04
I8_5N	2699,95	2676,17	4926,34	0,59	0,05
I8_5N	2699,95	2687,89	4898,73	0,55	0,04
I8_5N	2699,95	2699,62	4871,11	0,56	0,04
I8_5N	2699,95	2711,34	4843,50	0,59	0,06
I8_5N	2699,95	2723,06	4815,88	0,59	0,06
I8_5N	2699,95	2734,78	4788,27	0,58	0,03
I8_5N	2699,95	2746,50	4760,65	0,60	0,03
I8_5N	2699,95	2758,23	4733,04	0,56	0,04
I8_5N	2699,95	2769,95	4705,42	0,56	0,04
I8_5N	2699,95	2781,67	4677,81	0,56	0,03
I8_5N	2699,95	2793,39	4650,19	0,58	0,03
I8_5N	2699,95	2805,11	4622,57	0,57	0,05
I8_5N	2699,95	2816,84	4594,96	0,60	0,05
I8_5N	2699,95	2828,56	4567,34	0,61	0,04
I8_5N	2699,95	2840,28	4539,73	0,63	0,03
I4_5N	2699,94	4213,60	5303,95	0,66	0,07
I4_5N	2699,94	4227,22	5277,22	0,64	0,07
I4_5N	2699,94	4240,84	5250,49	0,64	0,06
I4_5N	2699,94	4254,46	5223,76	0,64	0,06
I4_5N	2699,94	4268,08	5197,03	0,71	0,08
I4_5N	2699,94	4281,70	5170,30	0,61	0,06
I4_5N	2699,94	4295,32	5143,57	0,65	0,07
I4_5N	2699,94	4308,94	5116,84	0,80	0,20
I4_5N	2699,94	4322,56	5090,11	0,69	0,11
I4_5N	2699,94	4336,18	5063,38	0,66	0,08
I4_5N	2699,94	4349,80	5036,65	0,62	0,08
I4_5N	2699,94	4363,42	5009,92	0,60	0,06
I4_5N	2699,94	4377,04	4983,19	0,67	0,07
I4_5N	2699,94	4390,66	4956,46	0,60	0,06
I4_5N	2699,94	4404,28	4929,73	0,61	0,06
I4_5N	2699,94	4417,90	4903,00	0,66	0,10
I4_5N	2699,94	4431,52	4876,27	0,63	0,05
I4_5N	2699,94	4445,13	4849,54	0,64	0,06
I4_5N	2699,94	4459,09	4822,14	0,65	0,07
I6N	2699,86	3607,08	5323,50	0,69	0,04
I6N	2699,86	3620,25	5297,66	0,67	0,07
I6N	2699,86	3633,87	5270,93	0,64	0,05
I6N	2699,86	3647,49	5244,20	0,65	0,06
I6N	2699,86	3661,11	5217,47	0,68	0,05
I6N	2699,86	3674,73	5190,74	0,67	0,05
I6N	2699,86	3688,35	5164,01	0,70	0,05
I6N	2699,86	3701,97	5137,28	0,67	0,04
I6N	2699,86	3715,59	5110,55	0,64	0,05
I6N	2699,86	3729,21	5083,82	0,67	0,05
I6N	2699,86	3742,83	5057,09	0,64	0,04
I6N	2699,86	3756,45	5030,36	0,66	0,06
I6N	2699,86	3770,07	5003,63	0,67	0,04
I6N	2699,86	3783,69	4976,90	0,62	0,04
I6N	2699,86	3797,31	4950,17	0,68	0,06
I6N	2699,86	3810,93	4923,44	0,71	0,09
I6N	2699,86	3824,55	4896,71	0,65	0,08
I6N	2699,86	3838,17	4869,98	0,67	0,06
I6N	2699,86	3851,78	4843,25	0,65	0,05
I6N	2699,86	3865,40	4816,52	0,65	0,06
I6N	2699,86	3879,02	4789,79	0,68	0,09
I6N	2699,86	3892,64	4763,06	0,64	0,05
I6N	2699,86	3906,26	4736,33	0,65	0,04
I6N	2699,86	3919,88	4709,60	0,75	0,05
I6N	2699,86	3933,50	4682,87	0,82	0,04
I6N	2699,86	3947,12	4656,14	0,69	0,04
I6N	2699,86	3960,74	4629,41	0,70	0,09
I6N	2699,86	3974,36	4602,68	0,66	0,10
I6N	2699,86	3987,98	4575,95	0,61	0,09
I6S	2699,86	3592,44	5323,28	0,65	0,04
I6S	2699,86	3579,39	5297,66	0,65	0,05
I6S	2699,86	3565,77	5270,93	0,67	0,06
I6S	2699,86	3552,15	5244,20	0,67	0,05
I6S	2699,86	3538,53	5217,47	0,72	0,04
I6S	2699,86	3524,91	5190,74	0,74	0,08
I6S	2699,86	3511,29	5164,01	0,68	0,09
I6S	2699,86	3497,67	5137,28	0,71	0,03
I6S	2699,86	3484,05	5110,55	0,78	0,07
I6S	2699,86	3470,43	5083,82	0,64	0,03
I6S	2699,86	3456,81	5057,09	0,69	0,03
I6S	2699,86	3443,19	5030,36	0,73	0,08
I6S	2699,86	3429,57	5003,63	0,76	0,05
I6S	2699,86	3415,95	4976,90	0,72	0,11
I6S	2699,86	3402,33	4950,17	0,75	0,08
I6S	2699,86	3388,71	4923,44	0,67	0,04
I6S	2699,86	3375,09	4896,71	0,69	0,04
I6S	2699,86	3361,48	4869,98	0,69	0,04
I6S	2699,86	3347,86	4843,25	0,69	0,04
I6S	2699,86	3334,24	4816,52	0,70	0,03
I6S	2699,86	3320,62	4789,79	0,73	0,04
I6S	2699,86	3307,00	4763,06	0,72	0,07
I6S	2699,86	3293,38	4736,33	0,66	0,05
I6S	2699,86	3279,76	4709,60	0,62	0,04
I6S	2699,86	3266,14	4682,87	0,66	0,04
I6S	2699,86	3252,52	4656,14	0,65	0,03
I6S	2699,86	3238,90	4629,41	0,68	0,03
I6S	2699,86	3225,28	4602,68	0,65	0,03
I6S	2699,86	3211,66	4575,95	0,67	0,05
I6S	2699,86	3198,04	4549,22	0,66	0,03
I6S	2699,86	3184,42	4522,49	0,83	0,05
I6S	2699,86	3170,80	4495,76	0,79	0,04
I9N	2698,79	2420,99	5040,70	0,60	0,03
I9N	2698,79	2434,84	5013,52	0,66	0,05
I9N	2698,79	2448,46	4986,79	0,62	0,04
I9N	2698,79	2462,08	4960,06	0,58	0,05
I9N	2698,79	2475,70	4933,33	0,61	0,05
I9N	2698,79	2489,32	4906,60	0,63	0,06
I9N	2698,79	2502,94	4879,87	0,61	0,06
I9N	2698,79	2516,56	4853,14	0,59	0,06
I9N	2698,79	2530,18	4826,41	0,61	0,05
I9N	2698,79	2543,80	4799,68	0,61	0,02
I9N	2698,79	2557,42	4772,95	0,61	0,05
I9N	2698,79	2571,04	4746,22	0,58	0,05
I9N	2698,79	2585,22	4718,37	0,59	0,04
J4N	2299,95	4407,24	5381,00	0,63	0,04
J4N	2299,95	4420,41	5355,16	0,64	0,04
J4N	2299,95	4434,03	5328,43	0,65	0,04
J4N	2299,95	4447,65	5301,70	0,66	0,05
J4N	2299,95	4461,27	5274,97	0,64	0,08
J4N	2299,95	4474,89	5248,24	0,60	0,08
J4N	2299,95	4488,51	5221,51	0,63	0,07
J4N	2299,95	4502,13	5194,78	0,62	0,09
J4N	2299,95	4515,75	5168,05	0,65	0,08
J4N	2299,95	4529,37	5141,32	0,67	0,09
J4N	2299,95	4542,99	5114,59	0,69	0,07
J4N	2299,95	4556,61	5087,86	0,63	0,08
J4N	2299,95	4569,20	5063,14	0,68	0,06
J4S/2	2299,95	4392,49	5380,56	0,60	0,08
J4S/2	2299,95	4379,55	5355,16	0,62	0,04
J4S/2	2299,95	4365,93	5328,43	0,64	0,08
J4S/2	2299,95	4352,31	5301,70	0,65	0,04
J4S/2	2299,95	4338,69	5274,97	0,66	0,09
J4S/2	2299,95	4325,07	5248,24	0,70	0,07
J4S/2	2299,95	4311,45	5221,51	0,72	0,08
J4S/2	2299,95	4297,83	5194,78	0,67	0,05
J4S/2	2299,95	4284,21	5168,05	0,71	0,09
J4S/2	2299,95	4270,59	5141,32	0,70	0,08
J4S/2	2299,95	4256,97	5114,59	0,69	0,07
J4S/2	2299,95	4243,35	5087,86	0,65	0,16
J4S/2	2299,95	4229,73	5061,13	0,65	0,06
J4S/2	2299,95	4216,11	5034,40	0,70	0,08
J4S/2	2299,95	4202,49	5007,67	0,72	0,05
J5N	2299,95	4007,58	5377,14	0,81	0,08
J5N	2299,95	4020,41	5351,96	0,77	0,07
J5N	2299,95	4034,03	5325,23	0,74	0,06
J5N	2299,95	4047,65	5298,50	0,75	0,07
J5N	2299,95	4061,27	5271,77	0,78	0,07
J5N	2299,95	4074,89	5245,04	0,72	0,06
J5N	2299,95	4088,51	5218,31	0,68	0,07
J5N	2299,95	4102,13	5191,58	0,68	0,09
J5N	2299,95	4115,75	5164,85	0,70	0,07
J5N	2299,95	4129,37	5138,12	0,70	0,09
J5N	2299,95	4142,99	5111,39	0,79	0,09
J5N	2299,95	4156,61	5084,66	0,72	0,07
J5N	2299,95	4170,23	5057,93	0,71	0,08
J5N	2299,95	4183,85	5031,20	0,77	0,08
J5N	2299,95	4197,47	5004,47	0,67	0,07
J5N	2299,95	4211,09	4977,74	0,68	0,07
J5N	2299,95	4224,71	4951,01	0,73	0,08
J5N	2299,95	4238,32	4924,28	0,70	0,10
J5N	2299,95	4251,94	4897,55	0,79	0,07
J5N	2299,95	4265,56	4870,82	0,79	0,22
J5N	2299,95	4279,18	4844,09	0,73	0,09
J5N	2299,95	4292,80	4817,36	0,70	0,08
J5N	2299,95	4306,42	4790,63	0,65	0,08
J5N	2299,95	4320,04	4763,90	0,74	0,11
J5N	2299,95	4333,66	4737,17	0,79	0,09
J5N	2299,95	4347,28	4710,44	0,77	0,09
J5N	2299,95	4360,90	4683,71	0,73	0,07
J5N	2299,95	4374,52	4656,98	0,70	0,08
J5N	2299,95	4388,14	4630,25	0,71	0,09
J5_5N	2299,95	3808,04	5341,66	0,75	0,09
J5_5N	2299,95	3820,41	5317,38	0,77	0,09
J5_5N	2299,95	3834,03	5290,65	0,65	0,06
J5_5N	2299,95	3847,65	5263,92	0,69	0,11
J5_5N	2299,95	3861,27	5237,19	0,67	0,12
J5_5N	2299,95	3874,89	5210,46	0,80	0,10
J5_5N	2299,95	3888,51	5183,73	0,72	0,12
J5_5N	2299,95	3902,13	5157,00	0,67	0,07
J5_5N	2299,95	3915,75	5130,27	0,75	0,17
J5_5N	2299,95	3929,37	5103,54	0,73	0,10
J5_5N	2299,95	3942,99	5076,81	0,77	0,09
J5_5N	2299,95	3956,61	5050,08	0,64	0,07
J5_5N	2299,95	3970,23	5023,35	0,69	0,11
J5_5N	2299,95	3983,85	4996,62	0,70	0,09
J5_5N	2299,95	3997,47	4969,89	0,69	0,09
J5_5N	2299,95	4011,09	4943,16	0,66	0,07
J5_5N	2299,95	4038,33	4889,70	0,77	0,08
J5_5N	2299,95	4051,94	4862,97	0,71	0,09
J5_5N	2299,95	4065,56	4836,24	0,65	0,08
J5_5N	2299,95	4079,18	4809,51	0,68	0,07
J5_5N	2299,95	4092,80	4782,78	0,68	0,05
J5_5N	2299,95	4106,42	4756,05	0,67	0,07
J5_5N	2299,95	4120,04	4729,32	0,62	0,06
J5_5N	2299,95	4133,66	4702,59	0,66	0,09
J5_5N	2299,95	4147,28	4675,86	0,63	0,06
J5_5S	2299,95	3785,57	5329,19	0,55	0,04
J5_5S	2299,95	3772,74	5304,02	0,59	0,04
J5_5S	2299,95	3759,12	5277,29	0,61	0,04
J5_5S	2299,95	3745,50	5250,56	0,62	0,06
J5_5S	2299,95	3731,88	5223,83	0,79	0,11
J5_5S	2299,95	3718,26	5197,10	0,79	0,12
J5_5S	2299,95	3704,64	5170,37	0,87	0,12
J5_5S	2299,95	3691,02	5143,64	0,91	0,14
J5_5S	2299,95	3670,59	5103,54	0,85	0,12
J5_5S	2299,95	3656,97	5076,81	0,78	0,09
J5_5S	2299,95	3643,35	5050,08	0,72	0,16
J5_5S	2299,95	3629,73	5023,35	0,75	0,08
J5_5S	2299,95	3616,11	4996,62	0,89	0,10
J5_5S	2299,95	3595,68	4956,53	0,77	0,08
J5_5S	2299,95	3582,06	4929,80	0,64	0,04
J5_5S	2299,95	3568,44	4903,07	0,65	0,03
J5_5S	2299,95	3551,42	4869,65	0,77	0,07
J5_5S	2299,95	3534,40	4836,24	0,84	0,05
J5_5S	2299,95	3520,78	4809,51	0,80	0,05
J5_5S	2299,95	3507,16	4782,78	0,88	0,05
J5_5S	2299,95	3493,54	4756,05	0,70	0,05
J5_5S	2299,95	3479,92	4729,32	0,72	0,04
J5_5S	2299,95	3466,30	4702,59	0,71	0,04
J5_5S	2299,95	3452,68	4675,86	0,75	0,04
J7N	2299,95	3207,36	5256,94	0,72	0,05
J7N	2299,95	3220,41	5231,32	0,70	0,04
J7N	2299,95	3234,03	5204,59	0,78	0,05
J7N	2299,95	3247,65	5177,86	0,83	0,05
J7N	2299,95	3261,27	5151,13	0,72	0,06
J7N	2299,95	3274,89	5124,40	0,78	0,09
J7N	2299,95	3288,51	5097,67	0,80	0,10
J7N	2299,95	3302,13	5070,94	0,83	0,11
J7N	2299,95	3315,75	5044,21	0,74	0,06
J7N	2299,95	3329,37	5017,48	0,73	0,08
J7N	2299,95	3342,99	4990,75	0,76	0,09
J7N	2299,95	3356,61	4964,02	0,72	0,07
J7N	2299,95	3370,23	4937,29	0,66	0,05
J7N	2299,95	3383,85	4910,56	0,68	0,05
J7N	2299,95	3397,47	4883,83	0,72	0,07
J7N	2299,95	3411,09	4857,10	0,78	0,08
J7N	2299,95	3424,71	4830,37	0,79	0,08
J7N	2299,95	3438,33	4803,64	0,80	0,05
J7N	2299,95	3451,94	4776,91	0,74	0,04
J7N	2299,95	3465,56	4750,18	0,74	0,06
J7N	2299,95	3479,18	4723,45	0,84	0,04
J7N	2299,95	3492,80	4696,72	0,89	0,06
J7N	2299,95	3506,42	4669,99	0,80	0,07
J7N	2299,95	3520,04	4643,26	0,84	0,07
J7N	2299,95	3533,66	4616,53	0,78	0,06
J7N	2299,95	3547,28	4589,80	0,77	0,05
J7N	2299,95	3560,90	4563,07	0,71	0,05
J7N	2299,95	3574,52	4536,34	0,77	0,09
J7N	2299,95	3588,14	4509,61	0,76	0,05
J7N	2299,95	3605,17	4476,20	0,81	0,12
J7N	2299,95	3622,19	4442,78	0,75	0,07
J7N	2299,95	3635,81	4416,05	0,79	0,06
J7N	2299,95	3649,43	4389,32	0,79	0,05
J7N	2299,95	3663,05	4362,59	0,80	0,05
J7S	2299,95	3192,94	5257,59	0,69	0,04
J7S	2299,95	3179,55	5231,30	0,65	0,04
J7S	2299,95	3165,93	5204,57	0,61	0,05
J7S	2299,95	3152,31	5177,84	0,64	0,03
J7S	2299,95	3138,69	5151,11	0,70	0,03
J7S	2299,95	3125,07	5124,38	0,59	0,03
J7S	2299,95	3111,45	5097,65	0,62	0,05
J7S	2299,95	3097,83	5070,92	0,65	0,04
J7S	2299,95	3084,21	5044,19	0,63	0,05
J7S	2299,95	3070,59	5017,46	0,62	0,04
J7S	2299,95	3056,97	4990,73	0,63	0,04
J7S	2299,95	3043,35	4964,00	0,59	0,04
J7S	2299,95	3029,73	4937,27	0,55	0,02
J7S	2299,95	3016,11	4910,54	0,63	0,04
J7S	2299,95	3002,49	4883,81	0,66	0,04
J7S	2299,95	2988,87	4857,08	0,74	0,08
J7S	2299,95	2975,25	4830,35	0,69	0,07
J7S	2299,95	2961,63	4803,62	0,72	0,08
J7S	2299,95	2948,02	4776,89	0,67	0,08
J7S	2299,95	2934,40	4750,16	0,69	0,10
J7S	2299,95	2920,78	4723,43	0,66	0,05
J7S	2299,95	2907,16	4696,70	0,56	0,04
J7S	2299,95	2894,44	4671,75	0,58	0,05
J7_5S	2299,95	2986,13	5174,99	0,72	0,03
J7_5S	2299,95	2972,74	5148,71	0,61	0,03
J7_5S	2299,95	2959,12	5121,98	0,61	0,03
J7_5S	2299,95	2945,50	5095,25	0,57	0,03
J7_5S	2299,95	2931,88	5068,52	0,60	0,04
J7_5S	2299,95	2918,26	5041,79	0,62	0,04
J7_5S	2299,95	2904,64	5015,06	0,69	0,06
J7_5S	2299,95	2891,02	4988,33	0,65	0,10
J7_5S	2299,95	2877,40	4961,60	0,65	0,06
J7_5S	2299,95	2863,78	4934,87	0,62	0,04
J7_5S	2299,95	2850,16	4908,14	0,60	0,03
J7_5S	2299,95	2836,54	4881,41	0,58	0,04
J7_5S	2299,95	2822,92	4854,68	0,66	0,07
J7_5S	2299,95	2809,30	4827,95	0,68	0,06
J7_5S	2299,95	2795,68	4801,22	0,60	0,06
J7_5S	2299,95	2782,06	4774,49	0,58	0,04
J7_5S	2299,95	2768,44	4747,76	0,65	0,05
J7_5S	2299,95	2754,83	4721,03	0,61	0,04
J7_5S	2299,95	2741,21	4694,30	0,70	0,06
J7_5S	2299,95	2727,59	4667,57	0,63	0,09
J6N	2299,86	3606,97	5307,80	0,77	0,07
J6N	2299,86	3620,25	5281,73	0,79	0,10
J6N	2299,86	3633,87	5255,00	0,90	0,14
J6N	2299,86	3647,49	5228,27	0,87	0,15
J6N	2299,86	3661,11	5201,54	0,91	0,27
J6N	2299,86	3678,13	5168,13	0,94	0,18
J6N	2299,86	3695,16	5134,72	0,93	0,27
J6N	2299,86	3708,78	5107,99	0,86	0,16
J6N	2299,86	3722,40	5081,26	0,87	0,14
J6N	2299,86	3736,02	5054,53	0,82	0,12
J6N	2299,86	3749,64	5027,80	0,78	0,14
J6N	2299,86	3763,26	5001,07	0,73	0,17
J6N	2299,86	3776,88	4974,34	0,75	0,14
J6N	2299,86	3790,50	4947,61	0,72	0,13
J6N	2299,86	3804,12	4920,88	0,80	0,18
J6N	2299,86	3817,74	4894,15	0,81	0,13
J6N	2299,86	3831,36	4867,42	0,81	0,20
J6N	2299,86	3844,98	4840,69	0,77	0,19
J6N	2299,86	3858,59	4813,96	0,75	0,18
J6N	2299,86	3872,21	4787,23	0,85	0,20
K65S19	1916,40	3381,10	5163,18	0,68	0,07
K65S19	1916,40	3368,61	5138,68	0,76	0,13
K65S19	1916,40	3354,99	5111,95	0,74	0,11
K65S19	1916,40	3341,37	5085,22	0,70	0,05
K65S19	1916,40	3327,75	5058,49	0,67	0,05
K65S19	1916,40	3314,13	5031,76	0,64	0,04
K65S19	1916,40	3300,51	5005,03	0,61	0,05
K65S19	1916,40	3286,89	4978,30	0,68	0,10
K65S19	1916,40	3273,27	4951,57	0,76	0,14
K65S19	1916,40	3259,65	4924,84	0,68	0,06
K65S19	1916,40	3246,03	4898,11	0,74	0,11
K65S19	1916,40	3232,41	4871,38	0,60	0,06
K65S19	1916,40	3218,79	4844,65	0,61	0,06
K65S19	1916,40	3205,17	4817,92	0,64	0,04
K65S19	1916,40	3191,55	4791,19	0,62	0,05
K65S19	1916,40	3177,93	4764,46	0,65	0,05
K65S19	1916,40	3164,32	4737,73	0,60	0,05
K65S19	1916,40	3150,70	4711,00	0,66	0,04
K2N	1899,95	5207,58	5454,78	0,56	0,03
K2N	1899,95	5220,41	5429,61	0,58	0,03
K2N	1899,95	5234,03	5402,87	0,54	0,03
K2N	1899,95	5247,65	5376,14	0,54	0,03
K2N	1899,95	5261,27	5349,41	0,54	0,03
K2N	1899,95	5274,89	5322,68	0,55	0,03
K2N	1899,95	5288,51	5295,95	0,54	0,03
K2N	1899,95	5302,13	5269,22	0,62	0,04
K2N	1899,95	5315,75	5242,49	0,54	0,03
K2N	1899,95	5329,37	5215,76	0,58	0,03
K2N	1899,95	5342,99	5189,03	0,57	0,03
K2N	1899,95	5356,61	5162,30	0,58	0,04
K2N	1899,95	5370,23	5135,57	0,54	0,03
K2N	1899,95	5383,85	5108,84	0,56	0,03
K2N	1899,95	5397,13	5082,78	0,59	0,03
K2S	1899,95	5186,36	5442,97	0,56	0,02
K2S	1899,95	5172,74	5416,24	0,55	0,02
K2S	1899,95	5159,12	5389,51	0,63	0,02
K2S	1899,95	5145,50	5362,78	0,57	0,02
K2S	1899,95	5131,88	5336,05	0,57	0,03
K2S	1899,95	5118,26	5309,32	0,60	0,03
K2S	1899,95	5104,64	5282,59	0,56	0,02
K2S	1899,95	5091,02	5255,86	0,56	0,03
K2S	1899,95	5077,40	5229,13	0,57	0,03
K2S	1899,95	5063,78	5202,40	0,57	0,03
K2S	1899,95	5050,16	5175,67	0,58	0,02
K2S	1899,95	5036,54	5148,94	0,55	0,03
K2S	1899,95	5022,92	5122,21	0,57	0,03
K2S	1899,95	5009,30	5095,48	0,57	0,03
K4N	1899,95	4407,47	5369,19	0,61	0,04
K4N	1899,95	4420,41	5343,79	0,67	0,05
K4N	1899,95	4434,03	5317,06	0,63	0,07
K4N	1899,95	4447,65	5290,33	0,62	0,06
K4N	1899,95	4461,27	5263,60	0,71	0,10
K4N	1899,95	4474,89	5236,87	0,73	0,05
K4N	1899,95	4488,51	5210,14	0,64	0,08
K4N	1899,95	4502,13	5183,41	0,63	0,09
K4N	1899,95	4515,75	5156,68	0,70	0,05
K4N	1899,95	4529,37	5129,95	0,66	0,04
K4N	1899,95	4542,99	5103,22	0,69	0,05
K4N	1899,95	4556,61	5076,49	0,67	0,04
K4N	1899,95	4570,23	5049,76	0,64	0,05
K4N	1899,95	4583,85	5023,03	0,67	0,05
K4N	1899,95	4597,47	4996,30	0,66	0,04
K4N	1899,95	4611,09	4969,57	0,61	0,04
K4N	1899,95	4624,71	4942,84	0,60	0,03
K4N	1899,95	4638,32	4916,11	0,61	0,04
K4N	1899,95	4651,94	4889,38	0,61	0,05
K4N	1899,95	4665,56	4862,65	0,62	0,03
K4S	1899,95	4392,38	5368,97	0,65	0,05
K4S	1899,95	4379,55	5343,79	0,61	0,04
K4S	1899,95	4365,93	5317,06	0,61	0,03
K4S	1899,95	4352,31	5290,33	0,63	0,04
K4S	1899,95	4338,69	5263,60	0,67	0,03
K4S	1899,95	4325,07	5236,87	0,66	0,04
K4S	1899,95	4311,45	5210,14	0,83	0,06
K4S	1899,95	4297,83	5183,41	0,73	0,28
K4S	1899,95	4284,21	5156,68	0,66	0,06
K4S	1899,95	4263,78	5116,59	0,74	0,07
K4S	1899,95	4250,16	5089,86	0,64	0,07
K4S	1899,95	4236,54	5063,13	0,68	0,06
K4S	1899,95	4222,92	5036,40	0,76	0,06
K4S	1899,95	4209,30	5009,67	0,67	0,06
K5N	1899,95	4008,04	5329,98	0,62	0,04
K5N	1899,95	4020,41	5305,70	0,64	0,05
K5N	1899,95	4034,03	5278,97	0,62	0,04
K5N	1899,95	4047,65	5252,24	0,66	0,05
K5N	1899,95	4061,27	5225,51	0,67	0,05
K5N	1899,95	4074,89	5198,78	0,75	0,10
K5N	1899,95	4088,51	5172,05	0,68	0,08
K5N	1899,95	4102,13	5145,32	0,70	0,07
K5N	1899,95	4115,75	5118,59	0,65	0,06
K5N	1899,95	4129,37	5091,86	0,71	0,07
K5N	1899,95	4142,99	5065,13	0,72	0,11
K5N	1899,95	4156,61	5038,40	0,73	0,06
K5N	1899,95	4170,23	5011,67	0,83	0,22
K5N	1899,95	4183,85	4984,94	0,70	0,08
K5N	1899,95	4197,47	4958,21	0,69	0,08
K55S34	1899,95	3751,83	5274,13	0,86	0,10
K55S34	1899,95	3738,44	5247,85	0,65	0,09
K55S34	1899,95	3724,82	5221,12	0,76	0,07
K55S34	1899,95	3711,20	5194,39	0,64	0,07
K55S34	1899,95	3697,58	5167,66	0,66	0,09
K55S34	1899,95	3683,96	5140,93	0,65	0,08
K55S34	1899,95	3670,34	5114,20	0,73	0,09
K55S34	1899,95	3656,72	5087,47	0,73	0,10
K55S34	1899,95	3643,10	5060,74	0,72	0,11
K55S34	1899,95	3629,48	5034,01	0,73	0,08
K55S34	1899,95	3615,86	5007,28	0,63	0,06
K55S34	1899,95	3602,24	4980,55	0,63	0,05
K55S34	1899,95	3588,62	4953,82	0,65	0,07
K55S34	1899,95	3575,00	4927,09	0,67	0,07
K55S34	1899,95	3561,38	4900,36	0,79	0,21
K55S34	1899,95	3547,76	4873,63	0,84	0,16
K55S34	1899,95	3534,14	4846,90	0,82	0,16
K55S34	1899,95	3520,53	4820,17	0,78	0,12
K55S34	1899,95	3506,91	4793,44	0,71	0,13
K55S34	1899,95	3493,29	4766,71	0,71	0,11
K55S34	1899,95	3479,67	4739,98	0,83	0,07
K55S34	1899,95	3466,05	4713,25	0,81	0,10
K55S34	1899,95	3452,43	4686,52	0,86	0,12
K55S34	1899,95	3438,81	4659,79	0,79	0,11
K55S34	1899,95	3425,19	4633,06	0,74	0,08
K55S34	1899,95	3411,57	4606,32	0,81	0,09
K55S34	1899,95	3397,95	4579,59	0,71	0,13
K55S34	1899,95	3384,33	4552,86	0,75	0,09
K55S34	1899,95	3370,71	4526,13	0,65	0,07
K55S34	1899,95	3357,09	4499,40	0,57	0,06
K55S34	1899,95	3343,47	4472,67	0,70	0,07
K55S34	1899,95	3329,85	4445,94	0,88	0,09
K55S34	1899,95	3316,23	4419,21	0,86	0,08
K55S34	1899,95	3302,61	4392,48	0,69	0,07
K55N32	1899,94	3773,35	5287,31	0,73	0,04
K55N32	1899,94	3784,10	5259,30	0,71	0,07
K55N32	1899,94	3794,85	5231,29	0,76	0,11
K55N32	1899,94	3805,60	5203,28	0,74	0,08
K55N32	1899,94	3816,35	5175,28	0,74	0,10
K55N32	1899,94	3827,10	5147,27	0,78	0,09
K55N32	1899,94	3837,85	5119,26	0,78	0,12
K55N32	1899,94	3848,60	5091,25	0,81	0,13
K55N32	1899,94	3859,35	5063,25	0,77	0,13
K55N32	1899,94	3870,10	5035,24	0,85	0,14
K55N32	1899,94	3880,86	5007,23	0,90	0,19
K55N32	1899,94	3891,61	4979,22	0,74	0,07
K55N32	1899,94	3902,36	4951,22	0,65	0,05
K55N32	1899,94	3913,11	4923,21	0,64	0,06
K55N32	1899,94	3923,86	4895,20	0,67	0,05
K55N32	1899,94	3934,61	4867,20	0,68	0,04
K55N32	1899,94	3945,36	4839,19	0,60	0,04
K55N32	1899,94	3956,11	4811,18	0,66	0,04
K55N32	1899,94	3966,86	4783,17	0,65	0,05
K55N32	1899,94	3977,62	4755,17	0,77	0,05
K55N32	1899,94	3988,37	4727,16	0,68	0,05
K55N32	1899,94	4001,81	4692,15	0,66	0,06
K55N32	1899,94	4015,24	4657,14	0,62	0,05
K55N32	1899,94	4025,99	4629,13	0,69	0,05
K55N32	1899,94	4036,75	4601,12	0,66	0,07
K55N32	1899,94	4047,23	4573,82	0,63	0,07
